Entity,Code,Day,containment_index(종합수치),school_closures(학교 폐쇄),workplace_closures(회사 폐쇄),cancel_public_events(공개행사 취소),restriction_gatherings(모임 제한),close_public_transport(대중교통폐쇄),stay_home_requirements(재택 요구),public_information_campaigns(홍보캠페인),restrictions_internal_movements(국내이동제한),international_travel_controls(국제여행제한),testing_policy(코로나 검사 정책),contact_tracing(접촉자 추적),facial_coverings(마스크 착용),vaccination_policy(백신 접종),"retail_and_recreation(식당,카페,쇼핑센터,테마파크,박물관,도서관,영화관 등)",grocery_and_pharmacy(식료품점과 약국),residential(Time spent at home; 집에서 보내기),transit_stations(교통수단),parks(공원),workplaces(Workplace visitors;직장 출근)
South Korea,KOR,20200101,0,0,0,0,0,0,0,0,0,0,0,0,0,0,,,,,,
South Korea,KOR,20200102,0,0,0,0,0,0,0,0,0,0,0,0,0,0,,,,,,
South Korea,KOR,20200103,0,0,0,0,0,0,0,0,0,0,0,0,0,0,,,,,,
South Korea,KOR,20200104,0,0,0,0,0,0,0,0,0,0,0,0,0,0,,,,,,
South Korea,KOR,20200105,0,0,0,0,0,0,0,0,0,0,0,0,0,0,,,,,,
South Korea,KOR,20200106,0,0,0,0,0,0,0,0,0,0,0,0,0,0,,,,,,
South Korea,KOR,20200107,0,0,0,0,0,0,0,0,0,0,0,0,0,0,,,,,,
South Korea,KOR,20200108,0,0,0,0,0,0,0,0,0,0,0,0,0,0,,,,,,
South Korea,KOR,20200109,0,0,0,0,0,0,0,0,0,0,0,0,0,0,,,,,,
South Korea,KOR,20200110,0,0,0,0,0,0,0,0,0,0,0,0,0,0,,,,,,
South Korea,KOR,20200111,0,0,0,0,0,0,0,0,0,0,0,0,0,0,,,,,,
South Korea,KOR,20200112,0,0,0,0,0,0,0,0,0,0,0,0,0,0,,,,,,
South Korea,KOR,20200113,0,0,0,0,0,0,0,0,0,0,0,0,0,0,,,,,,
South Korea,KOR,20200114,0,0,0,0,0,0,0,0,0,0,0,0,0,0,,,,,,
South Korea,KOR,20200115,0,0,0,0,0,0,0,0,0,0,0,0,0,0,,,,,,
South Korea,KOR,20200116,0,0,0,0,0,0,0,0,0,0,0,0,0,0,,,,,,
South Korea,KOR,20200117,0,0,0,0,0,0,0,0,0,0,0,0,0,0,,,,,,
South Korea,KOR,20200118,0,0,0,0,0,0,0,0,0,0,0,0,0,0,,,,,,
South Korea,KOR,20200119,0,0,0,0,0,0,0,0,0,0,0,0,0,0,,,,,,
South Korea,KOR,20200120,0,0,0,0,0,0,0,0,0,0,0,0,0,0,,,,,,
South Korea,KOR,20200121,2.38,0,0,0,0,0,0,0,0,0,1,0,0,0,,,,,,
South Korea,KOR,20200122,2.38,0,0,0,0,0,0,0,0,0,1,0,0,0,,,,,,
South Korea,KOR,20200123,2.38,0,0,0,0,0,0,0,0,0,1,0,0,0,,,,,,
South Korea,KOR,20200124,2.38,0,0,0,0,0,0,0,0,0,1,0,0,0,,,,,,
South Korea,KOR,20200125,2.38,0,0,0,0,0,0,0,0,0,1,0,0,0,,,,,,
South Korea,KOR,20200126,2.38,0,0,0,0,0,0,0,0,0,1,0,0,0,,,,,,
South Korea,KOR,20200127,2.38,0,0,0,0,0,0,0,0,0,1,0,0,0,,,,,,
South Korea,KOR,20200128,2.38,0,0,0,0,0,0,0,0,0,1,0,0,0,,,,,,
South Korea,KOR,20200129,5.95,0,0,0,0,0,0,0,0,0,1,1,0,0,,,,,,
South Korea,KOR,20200130,5.95,0,0,0,0,0,0,0,0,0,1,1,0,0,,,,,,
South Korea,KOR,20200131,7.74,0,0,1,0,0,0,0,0,0,1,1,0,0,,,,,,
South Korea,KOR,20200201,14.88,0,0,1,0,0,0,2,0,0,1,1,0,0,,,,,,
South Korea,KOR,20200202,14.88,0,0,1,0,0,0,2,0,0,1,1,0,0,,,,,,
South Korea,KOR,20200203,20.83,3,0,1,0,0,0,2,0,0,1,1,0,0,,,,,,
South Korea,KOR,20200204,26.19,3,0,1,0,0,0,2,0,3,1,1,0,0,,,,,,
South Korea,KOR,20200205,26.19,3,0,1,0,0,0,2,0,3,1,1,0,0,,,,,,
South Korea,KOR,20200206,26.19,3,0,1,0,0,0,2,0,3,1,1,0,0,,,,,,
South Korea,KOR,20200207,30.95,3,0,1,0,0,0,2,0,3,3,1,0,0,,,,,,
South Korea,KOR,20200208,30.95,3,0,1,0,0,0,2,0,3,3,1,0,0,,,,,,
South Korea,KOR,20200209,30.95,3,0,1,0,0,0,2,0,3,3,1,0,0,,,,,,
South Korea,KOR,20200210,30.95,3,0,1,0,0,0,2,0,3,3,1,0,0,,,,,,
South Korea,KOR,20200211,34.52,3,0,1,0,0,0,2,0,3,3,2,0,0,,,,,,
South Korea,KOR,20200212,34.52,3,0,1,0,0,0,2,0,3,3,2,0,0,,,,,,
South Korea,KOR,20200213,34.52,3,0,1,0,0,0,2,0,3,3,2,0,0,,,,,,
South Korea,KOR,20200214,34.52,3,0,1,0,0,0,2,0,3,3,2,0,0,,,,,,
South Korea,KOR,20200215,34.52,3,0,1,0,0,0,2,0,3,3,2,0,0,,,,,,
South Korea,KOR,20200216,34.52,3,0,1,0,0,0,2,0,3,3,2,0,0,,,,,,
South Korea,KOR,20200217,34.52,3,0,1,0,0,0,2,0,3,3,2,0,0,-7.333,-2,4,-9,-15,-0.667
South Korea,KOR,20200218,34.52,3,0,1,0,0,0,2,0,3,3,2,0,0,-5.75,-2.25,3.5,-7.5,-12.5,0
South Korea,KOR,20200219,34.52,3,0,1,0,0,0,2,0,3,3,2,0,0,-5.6,-2,3.2,-6.8,-7.2,0.2
South Korea,KOR,20200220,34.52,3,0,1,0,0,0,2,0,3,3,2,0,0,-5.833,-2.167,3,-6.667,-4.833,0.333
South Korea,KOR,20200221,43.45,3,0,2,2,0,0,2,0,3,3,2,0,0,-7.143,-2.429,3.286,-7.143,-5.571,0.286
South Korea,KOR,20200222,43.45,3,0,2,2,0,0,2,0,3,3,2,0,0,-10.286,-3.286,4.143,-9.714,-10.571,-0.429
South Korea,KOR,20200223,46.43,3,0,2,2,0,1,2,1,3,3,2,0,0,-13.143,-5.857,4.714,-11.143,-7.857,-1.286
South Korea,KOR,20200224,50,3,1,2,2,0,1,2,1,3,3,2,0,0,-15.143,-4.143,5.143,-12.429,-4.571,-2.143
South Korea,KOR,20200225,50,3,1,2,2,0,1,2,1,3,3,2,0,0,-19.714,-5.571,6.286,-15.714,-9.286,-3.857
South Korea,KOR,20200226,50,3,1,2,2,0,1,2,1,3,3,2,0,0,-23.143,-6.429,7.286,-18.286,-10.571,-5.571
South Korea,KOR,20200227,50,3,1,2,2,0,1,2,1,3,3,2,0,0,-26.429,-7.429,8.286,-20.857,-11.429,-7.143
South Korea,KOR,20200228,50,3,1,2,2,0,1,2,1,3,3,2,0,0,-29.571,-9.286,9.429,-23.714,-15.429,-8.857
South Korea,KOR,20200229,50,3,1,2,2,0,1,2,1,3,3,2,0,0,-31.286,-9.857,9.857,-24.857,-12.714,-9.714
South Korea,KOR,20200301,50,3,1,2,2,0,1,2,1,3,3,2,0,0,-32.714,-8.429,10.286,-26.429,-13.429,-10.714
South Korea,KOR,20200302,50,3,1,2,2,0,1,2,1,3,3,2,0,0,-33,-9.429,10.429,-27.143,-12.857,-11
South Korea,KOR,20200303,50,3,1,2,2,0,1,2,1,3,3,2,0,0,-31.714,-8.571,10.143,-26.429,-7.143,-10.857
South Korea,KOR,20200304,50,3,1,2,2,0,1,2,1,3,3,2,0,0,-31.857,-9,10.286,-26.857,-8.857,-10.857
South Korea,KOR,20200305,50,3,1,2,2,0,1,2,1,3,3,2,0,0,-31.571,-9.143,10.286,-27,-9.286,-10.714
South Korea,KOR,20200306,50,3,1,2,2,0,1,2,1,3,3,2,0,0,-30.143,-7.857,9.857,-25.857,-3.714,-10.286
South Korea,KOR,20200307,50,3,1,2,2,0,1,2,1,3,3,2,0,0,-29.286,-7.429,9.714,-25.429,-4.143,-10
South Korea,KOR,20200308,50,3,1,2,2,0,1,2,1,3,3,2,0,0,-27.286,-8.286,9.429,-23.714,3.143,-9.714
South Korea,KOR,20200309,50,3,1,2,2,0,1,2,1,3,3,2,0,0,-26.714,-8,9.286,-23.286,4,-9.429
South Korea,KOR,20200310,50,3,1,2,2,0,1,2,1,3,3,2,0,0,-27.143,-8.571,9.429,-23.857,-0.857,-9.429
South Korea,KOR,20200311,50,3,1,2,2,0,1,2,1,3,3,2,0,0,-26,-7.571,9.143,-22.857,3.429,-9
South Korea,KOR,20200312,50,3,1,2,2,0,1,2,1,3,3,2,0,0,-25.286,-6.714,9,-22.143,6.429,-8.714
South Korea,KOR,20200313,57.14,3,1,2,2,0,1,2,1,3,3,2,0,0,-24.857,-6.286,8.857,-21.857,6.571,-8.429
South Korea,KOR,20200314,57.14,3,1,2,2,0,1,2,1,3,3,2,0,0,-23.857,-5.143,8.571,-20.857,9.429,-8
South Korea,KOR,20200315,58.93,3,1,2,2,0,1,2,1,3,3,2,1,0,-24,-3,8.571,-21.571,4.143,-7.714
South Korea,KOR,20200316,58.93,3,1,2,2,0,1,2,1,3,3,2,1,0,-23.714,-3,8.571,-21.429,5.143,-7.714
South Korea,KOR,20200317,58.93,3,1,2,2,0,1,2,1,3,3,2,1,0,-22.571,-2.143,8.143,-20.286,11.429,-7.286
South Korea,KOR,20200318,58.93,3,1,2,2,0,1,2,1,3,3,2,1,0,-22.143,-1.857,8,-20,14.857,-7.143
South Korea,KOR,20200319,58.93,3,1,2,2,0,1,2,1,3,3,2,1,0,-22.857,-3,8.143,-20.714,9.571,-7.143
South Korea,KOR,20200320,58.93,3,1,2,2,0,1,2,1,3,3,2,1,0,-22.286,-2.571,8,-20.286,11.714,-7
South Korea,KOR,20200321,67.86,3,1,2,2,0,2,2,2,3,3,2,1,0,-21.714,-2.143,7.714,-19.714,15.571,-7
South Korea,KOR,20200322,72.02,3,2,2,3,0,2,2,2,3,3,2,1,0,-20.571,-3.429,7.429,-18,23.429,-7
South Korea,KOR,20200323,72.02,3,2,2,3,0,2,2,2,3,3,2,1,0,-20.286,-2.714,7.286,-17.571,26.857,-6.857
South Korea,KOR,20200324,72.02,3,2,2,3,0,2,2,2,3,3,2,1,0,-19.857,-2,7.143,-17,30.857,-6.857
South Korea,KOR,20200325,72.02,3,2,2,3,0,2,2,2,3,3,2,1,0,-19.714,-1.714,7.143,-16.714,32.857,-7
South Korea,KOR,20200326,72.02,3,2,2,3,0,2,2,2,3,3,2,1,0,-19.286,-1,7,-16.143,35.857,-7
South Korea,KOR,20200327,72.02,3,2,2,3,0,2,2,2,3,3,2,1,0,-19.714,-1.286,7.286,-16.571,34,-7.286
South Korea,KOR,20200328,72.02,3,2,2,3,0,2,2,2,3,3,2,1,0,-20,-1.571,7.429,-16.857,31.857,-7.571
South Korea,KOR,20200329,72.02,3,2,2,3,0,2,2,2,3,3,2,1,0,-19.857,1.143,7.286,-16.857,31.714,-7.571
South Korea,KOR,20200330,72.02,3,2,2,3,0,2,2,2,3,3,2,1,0,-19.571,0.857,7.286,-16.714,33.571,-7.714
South Korea,KOR,20200331,72.02,3,2,2,3,0,2,2,2,3,3,2,1,0,-18.857,1.143,7.286,-16.286,35.571,-7.571
South Korea,KOR,20200401,72.02,3,2,2,3,0,2,2,2,3,3,2,1,0,-18.857,1,7.286,-16.429,33.143,-7.571
South Korea,KOR,20200402,72.02,3,2,2,3,0,2,2,2,3,3,2,1,0,-17.857,1.857,7.143,-15.571,39,-7.429
South Korea,KOR,20200403,72.02,3,2,2,3,0,2,2,2,3,3,2,1,0,-17.143,2.571,6.714,-14.571,43.571,-7.143
South Korea,KOR,20200404,73.81,3,2,2,4,0,2,2,2,3,3,2,1,0,-16.571,3,6.571,-14,44.857,-7.286
South Korea,KOR,20200405,73.81,3,2,2,4,0,2,2,2,3,3,2,1,0,-16.286,3.429,6.571,-13.571,44.143,-7.429
South Korea,KOR,20200406,76.19,3,3,2,4,0,2,2,2,3,3,2,1,0,-16.143,3.714,6.429,-13.143,42.429,-7
South Korea,KOR,20200407,76.19,3,3,2,4,0,2,2,2,3,3,2,1,0,-16.286,3.714,6.429,-13.143,40.429,-6.857
South Korea,KOR,20200408,76.19,3,3,2,4,0,2,2,2,3,3,2,1,0,-16,3.714,6.286,-12.857,40.857,-6.571
South Korea,KOR,20200409,76.19,3,3,2,4,0,2,2,2,3,3,2,1,0,-16,3.714,6.143,-12.714,39,-6.286
South Korea,KOR,20200410,76.19,3,3,2,4,0,2,2,2,3,3,2,1,0,-15.714,3.857,6.143,-12.571,37,-6.143
South Korea,KOR,20200411,76.19,3,3,2,4,0,2,2,2,3,3,2,1,0,-15.286,4.571,6,-12.143,35.857,-6
South Korea,KOR,20200412,76.19,3,3,2,4,0,2,2,2,3,3,2,1,0,-15.714,1.143,6.143,-13,30.429,-6
South Korea,KOR,20200413,76.19,3,3,2,4,0,2,2,2,3,3,2,1,0,-15.286,1.714,6.143,-13,30,-6
South Korea,KOR,20200414,76.19,3,3,2,4,0,2,2,2,3,3,2,1,0,-14.143,2.714,5.714,-12.143,31.571,-5.857
South Korea,KOR,20200415,76.19,3,3,2,4,0,2,2,2,3,3,2,1,0,-12.286,6,7.286,-12.571,42.571,-12.143
South Korea,KOR,20200416,76.19,3,3,2,4,0,2,2,2,3,3,2,1,0,-12.143,6,7.286,-12.429,42.857,-12.143
South Korea,KOR,20200417,76.19,3,3,2,4,0,2,2,2,3,3,2,1,0,-13.143,4.714,7.571,-13.571,37,-12.286
South Korea,KOR,20200418,70.24,3,3,2,4,0,1,2,1,3,3,2,1,0,-12.714,4.429,7.571,-13.143,40.286,-11.857
South Korea,KOR,20200419,70.24,3,3,2,4,0,1,2,1,3,3,2,1,0,-13.286,6,7.571,-13.714,36.286,-11.714
South Korea,KOR,20200420,51.19,3,2,1,0,0,0,2,0,3,3,2,1,0,-13.714,5.286,7.571,-14,32.571,-11.571
South Korea,KOR,20200421,51.19,3,2,1,0,0,0,2,0,3,3,2,1,0,-15,3.857,7.857,-15,26.143,-11.429
South Korea,KOR,20200422,51.19,3,2,1,0,0,0,2,0,3,3,2,1,0,-17.143,0.143,6.286,-14.857,9.286,-4.857
South Korea,KOR,20200423,51.19,3,2,1,0,0,0,2,0,3,3,2,1,0,-17,0.143,6.143,-15,6,-4.571
South Korea,KOR,20200424,51.19,3,2,1,0,0,0,2,0,3,3,2,1,0,-15.714,1.429,5.714,-13.571,10.143,-4
South Korea,KOR,20200425,51.19,3,2,1,0,0,0,2,0,3,3,2,1,0,-15.571,1.571,5.571,-13.571,7.429,-4
South Korea,KOR,20200426,51.19,3,2,1,0,0,0,2,0,3,3,2,1,0,-13,1.571,5,-10.857,18.286,-3.429
South Korea,KOR,20200427,51.19,3,2,1,0,0,0,2,0,3,3,2,1,0,-12.143,2.429,4.714,-10.143,21.286,-3.286
South Korea,KOR,20200428,51.19,3,2,1,0,0,0,2,0,3,3,2,1,0,-11,3.714,4.286,-9,26.286,-3.143
South Korea,KOR,20200429,51.19,3,2,1,0,0,0,2,0,3,3,2,1,0,-8.714,6.571,3.143,-6.571,34.286,-3
South Korea,KOR,20200430,51.19,3,2,1,0,0,0,2,0,3,3,2,1,0,-5.571,11,4,-5.429,55.429,-10.429
South Korea,KOR,20200501,51.19,3,2,1,0,0,0,2,0,3,3,2,1,0,-3.571,13.857,5,-5.429,71.571,-16.714
South Korea,KOR,20200502,51.19,3,2,1,0,0,0,2,0,3,3,2,1,0,-3.143,14,4.571,-4.571,77.143,-18.286
South Korea,KOR,20200503,51.19,3,2,1,0,0,0,2,0,3,3,2,1,0,-3,16.571,4.286,-4.143,74.714,-18.429
South Korea,KOR,20200504,51.19,3,2,1,0,0,0,2,0,3,3,2,1,0,0,19.286,4.429,-3.143,82.571,-20.857
South Korea,KOR,20200505,51.19,3,2,1,0,0,0,2,0,3,3,2,1,0,2.571,21.429,6.286,-4.714,93,-28.714
South Korea,KOR,20200506,51.19,3,2,1,0,0,0,2,0,3,3,2,1,0,1.429,20.286,7,-5.571,91,-28.429
South Korea,KOR,20200507,51.19,3,2,1,0,0,0,2,0,3,3,2,1,0,-0.429,17.143,5.714,-5.286,73.571,-20.857
South Korea,KOR,20200508,51.19,3,2,1,0,0,0,2,0,3,3,2,1,0,-1.143,15.143,4.286,-4,58.714,-14.429
South Korea,KOR,20200509,51.19,3,2,1,0,0,0,2,0,3,3,2,1,0,-2.429,13.429,5,-6.286,45,-13.286
South Korea,KOR,20200510,51.19,3,2,1,0,0,0,2,0,3,3,2,1,0,-2.571,10.857,5.286,-6.571,44.286,-12.714
South Korea,KOR,20200511,51.19,3,2,1,0,0,0,2,0,3,3,2,1,0,-5.143,8.571,5,-7,37,-10.143
South Korea,KOR,20200512,51.19,3,2,1,0,0,0,2,0,3,3,2,1,0,-7.571,6.286,3.286,-5.429,25.714,-2.286
South Korea,KOR,20200513,52.08,3,2,1,0,0,0,2,0,3,3,2,2,0,-7.143,6.143,3.286,-5.429,27.143,-2.429
South Korea,KOR,20200514,52.08,3,2,1,0,0,0,2,0,3,3,2,2,0,-7.286,6.143,3.286,-5.714,28,-2.571
South Korea,KOR,20200515,52.08,3,2,1,0,0,0,2,0,3,3,2,2,0,-9,4.571,3.571,-7.714,22,-3.143
South Korea,KOR,20200516,52.08,3,2,1,0,0,0,2,0,3,3,2,2,0,-7.571,6.571,3.143,-6,30.857,-2.714
South Korea,KOR,20200517,52.08,3,2,1,0,0,0,2,0,3,3,2,2,0,-6.857,10,3,-5.714,34,-2.571
South Korea,KOR,20200518,52.08,3,2,1,0,0,0,2,0,3,3,2,2,0,-7.714,8.571,3.286,-6.714,29.429,-2.857
South Korea,KOR,20200519,52.08,3,2,1,0,0,0,2,0,3,3,2,2,0,-8,8.571,3.429,-7.429,26.429,-3
South Korea,KOR,20200520,49.7,2,2,1,0,0,0,2,0,3,3,2,2,0,-7.571,9.143,3.286,-7.286,26.571,-3.143
South Korea,KOR,20200521,49.7,2,2,1,0,0,0,2,0,3,3,2,2,0,-7.143,9.143,3.286,-7.143,26.857,-3.143
South Korea,KOR,20200522,49.7,2,2,1,0,0,0,2,0,3,3,2,2,0,-5.714,10.714,3,-5.571,35,-2.714
South Korea,KOR,20200523,49.7,2,2,1,0,0,0,2,0,3,3,2,2,0,-5,11,2.714,-4.714,39.143,-2.429
South Korea,KOR,20200524,49.7,2,2,1,0,0,0,2,0,3,3,2,2,0,-5.286,8,2.857,-5.143,37.143,-2.714
South Korea,KOR,20200525,49.7,2,2,1,0,0,0,2,0,3,3,2,2,0,-3.857,10,2.571,-4,43.571,-2.571
South Korea,KOR,20200526,50.6,2,2,1,0,0,0,2,0,3,3,2,2,0,-3.429,10.143,2.286,-3.286,46.143,-2.429
South Korea,KOR,20200527,50.6,2,2,1,0,0,0,2,0,3,3,2,2,0,-3.286,10,2.143,-3.143,46.857,-2.286
South Korea,KOR,20200528,50.6,2,2,1,0,0,0,2,0,3,3,2,2,0,-3.571,10,2.143,-3.143,46.714,-2.143
South Korea,KOR,20200529,60.42,2,2,2,4,0,1,2,1,3,3,2,2,0,-3.571,10.143,2,-3,47.429,-2
South Korea,KOR,20200530,60.42,2,2,2,4,0,1,2,1,3,3,2,2,0,-4.143,9.714,2,-3.429,46.286,-2.143
South Korea,KOR,20200531,60.42,2,2,2,4,0,1,2,1,3,3,2,2,0,-4.143,12.143,1.857,-3.286,46.571,-1.857
South Korea,KOR,20200601,60.42,2,2,2,4,0,1,2,1,3,3,2,2,0,-4.286,11.857,1.714,-3.286,46.429,-1.714
South Korea,KOR,20200602,60.42,2,2,2,4,0,1,2,1,3,3,2,2,0,-4.714,11.714,1.714,-3.429,46,-1.571
South Korea,KOR,20200603,60.42,2,2,2,4,0,1,2,1,3,3,2,2,0,-5.143,11.714,1.857,-3.571,44.571,-1.429
South Korea,KOR,20200604,60.42,2,2,2,4,0,1,2,1,3,3,2,2,0,-5.286,11.571,1.857,-3.571,43.429,-1.286
South Korea,KOR,20200605,60.42,2,2,2,4,0,1,2,1,3,3,2,2,0,-5.143,11.714,1.857,-3.429,43.143,-1.429
South Korea,KOR,20200606,60.42,2,2,2,4,0,1,2,1,3,3,2,2,0,-5.143,12,2,-3.714,43.429,-3.143
South Korea,KOR,20200607,60.42,2,2,2,4,0,1,2,1,3,3,2,2,0,-5,12.429,1.857,-3.571,43.857,-3.286
South Korea,KOR,20200608,59.23,2,2,2,4,0,1,2,1,3,3,2,2,0,-5.143,12.286,1.714,-3.571,42.857,-3.143
South Korea,KOR,20200609,59.23,2,2,2,4,0,1,2,1,3,3,2,2,0,-4.571,12.571,1.571,-3.286,43.857,-3
South Korea,KOR,20200610,59.23,2,2,2,4,0,1,2,1,3,3,2,2,0,-5,11.571,1.571,-3.571,39.857,-3
South Korea,KOR,20200611,59.23,2,2,2,4,0,1,2,1,3,3,2,2,0,-4.714,11.714,1.571,-3.857,39.143,-3
South Korea,KOR,20200612,59.23,2,2,2,4,0,1,2,1,3,3,2,2,0,-4.857,11.286,1.571,-4.286,37.429,-2.857
South Korea,KOR,20200613,59.23,2,2,2,4,0,1,2,1,3,3,2,2,0,-4.714,10.857,1.714,-4.857,32.286,-1.571
South Korea,KOR,20200614,59.23,2,2,2,4,0,1,2,1,3,3,2,2,0,-5,7.429,2,-5.714,29.571,-1.857
South Korea,KOR,20200615,59.23,2,2,2,4,0,1,2,1,3,3,2,2,0,-4.571,7.857,2,-5.714,30.429,-1.714
South Korea,KOR,20200616,59.23,2,2,2,4,0,1,2,1,3,3,2,2,0,-4.429,8,2,-5.571,31.429,-1.571
South Korea,KOR,20200617,59.23,2,2,2,4,0,1,2,1,3,3,2,2,0,-3.857,8.857,1.857,-5.286,35.143,-1.429
South Korea,KOR,20200618,59.23,2,2,2,4,0,1,2,1,3,3,2,2,0,-4.286,8,1.857,-5.571,33.429,-1.429
South Korea,KOR,20200619,59.23,2,2,2,4,0,1,2,1,3,3,2,2,0,-4.143,8.286,1.714,-5.286,35,-1.429
South Korea,KOR,20200620,59.23,2,2,2,4,0,1,2,1,3,3,2,2,0,-4,8.286,1.286,-4.429,39.429,-1.286
South Korea,KOR,20200621,59.23,2,2,2,4,0,1,2,1,3,3,2,2,0,-3.857,11.143,1,-3.714,41.571,-1.143
South Korea,KOR,20200622,59.23,2,2,2,4,0,1,2,1,3,3,2,2,0,-4.286,10.429,1,-3.857,40.714,-1.429
South Korea,KOR,20200623,59.23,2,2,2,4,0,1,2,1,3,3,2,2,0,-4.286,10.286,0.857,-3.857,40.429,-1.571
South Korea,KOR,20200624,59.23,2,2,2,4,0,1,2,1,3,3,2,2,0,-5.714,8.286,1.143,-5.143,32.714,-1.714
South Korea,KOR,20200625,59.23,2,2,2,4,0,1,2,1,3,3,2,2,0,-5.857,8.429,1.286,-5.286,30.714,-1.714
South Korea,KOR,20200626,59.23,2,2,2,4,0,1,2,1,3,3,2,2,0,-5.571,8.429,1.286,-5.286,30.429,-1.571
South Korea,KOR,20200627,59.23,2,2,2,4,0,1,2,1,3,3,2,2,0,-5.286,8.571,1.286,-5.286,30,-1.714
South Korea,KOR,20200628,59.23,2,2,2,4,0,1,2,1,3,3,2,2,0,-5,5.714,1.286,-5.286,30,-1.857
South Korea,KOR,20200629,59.23,2,2,2,4,0,1,2,1,3,3,2,2,0,-5.571,5,1.429,-5.714,25.571,-1.714
South Korea,KOR,20200630,59.23,2,2,2,4,0,1,2,1,3,3,2,2,0,-6,4.571,1.857,-6.571,20.857,-1.714
South Korea,KOR,20200701,52.08,2,2,2,4,0,1,2,1,3,1,2,2,0,-4.571,6.571,1.571,-5.429,29.143,-1.571
South Korea,KOR,20200702,54.46,3,2,2,4,0,1,2,1,3,1,2,2,0,-4,7,1.286,-4.857,34.429,-1.429
South Korea,KOR,20200703,54.46,3,2,2,4,0,1,2,1,3,1,2,2,0,-4.571,6.429,1.429,-5.143,32.857,-1.571
South Korea,KOR,20200704,52.08,2,2,2,4,0,1,2,1,3,1,2,2,0,-5,6.286,1.571,-5.429,33.286,-1.571
South Korea,KOR,20200705,52.08,2,2,2,4,0,1,2,1,3,1,2,2,0,-5.286,9.143,1.571,-5.571,34.143,-1.571
South Korea,KOR,20200706,52.08,2,2,2,4,0,1,2,1,3,1,2,2,0,-4.857,9.571,1.571,-5.286,38.429,-1.714
South Korea,KOR,20200707,52.08,2,2,2,4,0,1,2,1,3,1,2,2,0,-4.429,9.857,1.286,-4.571,43.429,-1.714
South Korea,KOR,20200708,52.08,2,2,2,4,0,1,2,1,3,1,2,2,0,-4.429,9.143,1.286,-4.714,43.286,-1.714
South Korea,KOR,20200709,52.08,2,2,2,4,0,1,2,1,3,1,2,2,0,-4.571,8.857,1.286,-4.857,42,-1.857
South Korea,KOR,20200710,52.08,2,2,2,4,0,1,2,1,3,1,2,2,0,-4.857,8.571,1.429,-5.286,41.286,-1.857
South Korea,KOR,20200711,52.08,2,2,2,4,0,1,2,1,3,1,2,2,0,-4.714,8.714,1.429,-5.286,40.857,-1.857
South Korea,KOR,20200712,52.08,2,2,2,4,0,1,2,1,3,1,2,2,0,-5.714,4.714,1.714,-6.286,35.571,-2.286
South Korea,KOR,20200713,52.08,2,2,2,4,0,1,2,1,3,1,2,2,0,-7.429,3,2.143,-7.857,26.714,-2.714
South Korea,KOR,20200714,52.08,2,2,2,4,0,1,2,1,3,1,2,2,0,-7.714,2.857,2.286,-8.286,24.571,-2.857
South Korea,KOR,20200715,52.08,2,2,2,4,0,1,2,1,3,1,2,2,0,-7.429,3.714,2.286,-8.286,24.571,-2.857
South Korea,KOR,20200716,52.08,2,2,2,4,0,1,2,1,3,1,2,2,0,-6.857,4.429,2.143,-8.143,26.571,-2.714
South Korea,KOR,20200717,52.08,2,2,2,4,0,1,2,1,3,1,2,2,0,-6.143,4.857,1.857,-7.714,29.714,-2.714
South Korea,KOR,20200718,52.08,2,2,2,4,0,1,2,1,3,1,2,2,0,-6,4.571,1.714,-7.714,30.714,-2.714
South Korea,KOR,20200719,52.08,2,2,2,4,0,1,2,1,3,1,2,2,0,-5.714,7.429,1.714,-8.143,30.857,-2.571
South Korea,KOR,20200720,52.08,2,2,2,4,0,1,2,1,3,1,2,2,0,-4.143,9,1.429,-7.143,38.571,-2.286
South Korea,KOR,20200721,52.08,2,2,2,4,0,1,2,1,3,1,2,2,0,-3.571,9,1.143,-6.857,41,-2.286
South Korea,KOR,20200722,52.08,2,2,2,4,0,1,2,1,3,1,2,2,0,-4.714,7,1.429,-7.714,35.429,-2.571
South Korea,KOR,20200723,52.08,2,2,2,4,0,1,2,1,3,1,2,2,0,-7,4,2,-9.429,25.857,-3
South Korea,KOR,20200724,52.08,2,2,2,4,0,1,2,1,3,1,2,2,0,-7.429,4,2.286,-10.143,22,-3
South Korea,KOR,20200725,52.08,2,2,2,4,0,1,2,1,3,1,2,2,0,-7.571,4.143,2.571,-10.571,20.286,-3.143
South Korea,KOR,20200726,52.08,2,2,2,4,0,1,2,1,3,1,2,2,0,-6.429,2.429,2.286,-9.143,26.143,-3
South Korea,KOR,20200727,52.08,2,2,2,4,0,1,2,1,3,1,2,2,0,-6.571,2.143,2.286,-9.286,24.143,-3.286
South Korea,KOR,20200728,52.08,2,2,2,4,0,1,2,1,3,1,2,2,0,-7,1.857,2.571,-9.857,21.571,-3.571
South Korea,KOR,20200729,52.08,2,2,2,4,0,1,2,1,3,1,2,2,0,-6.571,2.571,2.571,-10,22.429,-4.143
South Korea,KOR,20200730,52.08,2,2,2,4,0,1,2,1,3,1,2,2,0,-4.286,5.286,2.286,-8.714,31.571,-4.714
South Korea,KOR,20200731,52.08,2,2,2,4,0,1,2,1,3,1,2,2,0,-3.143,6,2.143,-7.714,36.714,-5.714
South Korea,KOR,20200801,52.08,2,2,2,4,0,1,2,1,3,1,2,2,0,-3.571,5.571,2.143,-7.857,35.714,-7.286
South Korea,KOR,20200802,52.08,2,2,2,4,0,1,2,1,3,1,2,2,0,-4.857,7.429,2.286,-8.857,31.429,-8.286
South Korea,KOR,20200803,52.08,2,2,2,4,0,1,2,1,3,1,2,2,0,-4,8.429,2.571,-8.571,37.571,-10.714
South Korea,KOR,20200804,52.08,2,2,2,4,0,1,2,1,3,1,2,2,0,-2.714,9.857,2.857,-8.143,42.571,-13
South Korea,KOR,20200805,52.08,2,2,2,4,0,1,2,1,3,1,2,2,0,-1.714,11.143,3,-7.571,46.857,-14.571
South Korea,KOR,20200806,52.08,2,2,2,4,0,1,2,1,3,1,2,2,0,-1.857,11.143,3.429,-7.857,45.857,-15.571
South Korea,KOR,20200807,52.08,2,2,2,4,0,1,2,1,3,1,2,2,0,-2.571,10.143,3.857,-8.714,42.286,-16.286
South Korea,KOR,20200808,52.08,2,2,2,4,0,1,2,1,3,1,2,2,0,-3.286,9.143,4.286,-9.857,36.857,-15.714
South Korea,KOR,20200809,52.08,2,2,2,4,0,1,2,1,3,1,2,2,0,-3.714,5.714,4.714,-11.143,32.571,-15.571
South Korea,KOR,20200810,52.08,2,2,2,4,0,1,2,1,3,1,2,2,0,-4.571,4.857,4.571,-11.857,24.429,-13.857
South Korea,KOR,20200811,52.08,2,2,2,4,0,1,2,1,3,1,2,2,0,-5.429,4,4.429,-12.286,19.143,-12.286
South Korea,KOR,20200812,52.08,2,2,2,4,0,1,2,1,3,1,2,2,0,-5.286,3.714,4,-11.857,19.143,-11
South Korea,KOR,20200813,52.08,2,2,2,4,0,1,2,1,3,1,2,2,0,-4.714,4.143,3.429,-11.143,20.714,-10.286
South Korea,KOR,20200814,52.08,2,2,2,4,0,1,2,1,3,1,2,2,0,-4,5.286,3,-10.429,23.286,-10
South Korea,KOR,20200815,52.08,2,2,2,4,0,1,2,1,3,1,2,2,0,-3.429,6.429,2.571,-9.571,28.857,-11.429
South Korea,KOR,20200816,52.08,2,2,2,4,0,1,2,1,3,1,2,2,0,-1.429,11.286,1.714,-7,38,-11.571
South Korea,KOR,20200817,52.08,2,2,2,4,0,1,2,1,3,1,2,2,0,0.143,13.143,2.571,-7.286,50.286,-17
South Korea,KOR,20200818,52.08,2,2,2,4,0,1,2,1,3,1,2,2,0,-0.857,13.143,2.429,-7.143,52.143,-17
South Korea,KOR,20200819,52.08,2,2,2,4,0,1,2,1,3,1,2,2,0,-2.714,13,2.714,-7.857,51.143,-17.143
South Korea,KOR,20200820,52.08,2,2,2,4,0,1,2,1,3,1,2,2,0,-5,12.143,3,-9,48.714,-17.286
South Korea,KOR,20200821,52.08,2,2,2,4,0,1,2,1,3,1,2,2,0,-7.714,10.857,3.429,-10.429,45.714,-17
South Korea,KOR,20200822,52.08,2,2,2,4,0,1,2,1,3,1,2,2,0,-10.429,9.571,4,-12,41.429,-15.143
South Korea,KOR,20200823,52.08,2,2,2,4,0,1,2,1,3,1,2,2,0,-14.286,5.286,5,-14.571,36,-15.429
South Korea,KOR,20200824,52.08,2,2,2,4,0,1,2,1,3,1,2,2,0,-17.429,4.143,4.286,-14.429,27.857,-10
South Korea,KOR,20200825,52.08,2,2,2,4,0,1,2,1,3,1,2,2,0,-18.857,4,4.571,-15.286,25.857,-10.143
South Korea,KOR,20200826,52.08,2,2,2,4,0,1,2,1,3,1,2,2,0,-20.714,2.714,5.286,-17,19.714,-10.429
South Korea,KOR,20200827,52.08,2,2,2,4,0,1,2,1,3,1,2,2,0,-22.286,1.571,6,-18.714,15,-10.571
South Korea,KOR,20200828,52.08,2,2,2,4,0,1,2,1,3,1,2,2,0,-23.286,1.143,6.286,-19.571,12.286,-10.571
South Korea,KOR,20200829,52.08,2,2,2,4,0,1,2,1,3,1,2,2,0,-24.143,1,6.571,-20.286,10.429,-10.714
South Korea,KOR,20200830,52.08,2,2,2,4,0,1,2,1,3,1,2,2,0,-25.429,3,6.857,-21.429,7.857,-11
South Korea,KOR,20200831,52.08,2,2,2,4,0,1,2,1,3,1,2,2,0,-26.143,2.429,7,-22,7.571,-11.286
South Korea,KOR,20200901,52.08,2,2,2,4,0,1,2,1,3,1,2,2,0,-27.143,1.714,7.286,-22.571,8,-11.571
South Korea,KOR,20200902,50.3,2,2,2,4,0,1,2,1,2,1,2,2,0,-28.714,0.286,7.571,-23.571,5,-12
South Korea,KOR,20200903,50.3,2,2,2,4,0,1,2,1,2,1,2,2,0,-29,0.571,7.571,-23.429,7.571,-12.429
South Korea,KOR,20200904,50.3,2,2,2,4,0,1,2,1,2,1,2,2,0,-28.857,1.286,7.429,-23,11.714,-12.714
South Korea,KOR,20200905,50.3,2,2,2,4,0,1,2,1,2,1,2,2,0,-28.143,2.143,7.143,-22.286,15.714,-13
South Korea,KOR,20200906,50.3,2,2,2,4,0,1,2,1,2,1,2,2,0,-27.857,1.857,7.143,-22.429,14.571,-13.143
South Korea,KOR,20200907,50.3,2,2,2,4,0,1,2,1,2,1,2,2,0,-29.714,-1.143,8,-24.571,5.429,-14
South Korea,KOR,20200908,50.3,2,2,2,4,0,1,2,1,2,1,2,2,0,-28.857,-0.429,7.857,-24,7.571,-13.857
South Korea,KOR,20200909,50.3,2,2,2,4,0,1,2,1,2,1,2,2,0,-27,1.286,7.286,-22.429,14.857,-13.286
South Korea,KOR,20200910,50.3,2,2,2,4,0,1,2,1,2,1,2,2,0,-26,2.143,6.714,-21.143,18.429,-12.714
South Korea,KOR,20200911,50.3,2,2,2,4,0,1,2,1,2,1,2,2,0,-26,1.429,6.714,-21.143,15.429,-12.571
South Korea,KOR,20200912,50.3,2,2,2,4,0,1,2,1,2,1,2,2,0,-25.571,1.714,6.714,-20.714,13.571,-12.429
South Korea,KOR,20200913,50.3,2,2,2,4,0,1,2,1,2,1,2,2,0,-23.571,1,6.143,-18.143,22.286,-12.143
South Korea,KOR,20200914,50.3,2,2,2,4,0,1,2,1,2,1,2,2,0,-20.429,4.429,4.857,-15,33.286,-10.429
South Korea,KOR,20200915,50.3,2,2,2,4,0,1,2,1,2,1,2,2,0,-19.571,4.286,4.429,-14.429,33.429,-9.714
South Korea,KOR,20200916,50.3,2,2,2,4,0,1,2,1,2,1,2,2,0,-18.714,4.714,4.143,-13.714,33.286,-9.143
South Korea,KOR,20200917,50.3,2,2,2,4,0,1,2,1,2,1,2,2,0,-18.286,4.143,4,-13.429,31,-8.571
South Korea,KOR,20200918,50.3,2,2,2,4,0,1,2,1,2,1,2,2,0,-17.143,5,3.571,-12.286,34,-7.857
South Korea,KOR,20200919,50.3,2,2,2,4,0,1,2,1,2,1,2,2,0,-15.857,5.286,2.857,-10.714,39,-7.143
South Korea,KOR,20200920,50.3,2,2,2,4,0,1,2,1,2,1,2,2,0,-15,8,2.571,-10.143,38.429,-6
South Korea,KOR,20200921,49.11,1,2,2,4,0,1,2,1,2,1,2,2,0,-14.571,8,2.286,-9.571,38.429,-5.857
South Korea,KOR,20200922,49.11,1,2,2,4,0,1,2,1,2,1,2,2,0,-14.429,8.571,2.143,-8.571,38,-5.571
South Korea,KOR,20200923,49.11,1,2,2,4,0,1,2,1,2,1,2,2,0,-13.857,9.714,1.714,-6.714,39.571,-5.143
South Korea,KOR,20200924,49.11,1,2,2,4,0,1,2,1,2,1,2,2,0,-13.286,11.429,1.429,-4.857,40.429,-4.714
South Korea,KOR,20200925,49.11,1,2,2,4,0,1,2,1,2,1,2,2,0,-12.857,12.571,1.286,-3.429,39.429,-4.286
South Korea,KOR,20200926,49.11,1,2,2,4,0,1,2,1,2,1,2,2,0,-12.429,14,1.429,-2.286,38.143,-3.714
South Korea,KOR,20200927,49.11,1,2,2,4,0,1,2,1,2,1,2,2,0,-12.143,13.143,1.571,-1,37.286,-3.143
South Korea,KOR,20200928,56.55,1,2,2,3,0,1,2,2,2,1,2,2,0,-10.857,17.286,1.571,1,36.857,-3
South Korea,KOR,20200929,56.55,1,2,2,3,0,1,2,2,2,1,2,2,0,-8.429,24.714,1.429,3.429,37.429,-3.714
South Korea,KOR,20200930,56.55,1,2,2,3,0,1,2,2,2,1,2,2,0,-8.857,33.429,3,2,43.286,-13.571
South Korea,KOR,20201001,56.55,1,2,2,3,0,1,2,2,2,1,2,2,0,-13.143,29.286,4.286,-0.857,56.143,-24.857
South Korea,KOR,20201002,56.55,1,2,2,3,0,1,2,2,2,1,2,2,0,-14.429,27.429,6.286,-4,68.714,-35.286
South Korea,KOR,20201003,58.33,1,2,2,4,0,1,2,2,2,1,2,2,0,-15.857,24,6.857,-5.571,72.286,-40.571
South Korea,KOR,20201004,56.55,1,2,2,3,0,1,2,2,2,1,2,2,0,-17,23.143,7.143,-7,70.429,-41.286
South Korea,KOR,20201005,60.12,3,2,2,3,0,1,2,2,2,1,2,2,0,-18.286,19.286,7.286,-7.857,69.857,-41.286
South Korea,KOR,20201006,60.12,3,2,2,3,0,1,2,2,2,1,2,2,0,-20.714,11.571,7.429,-9.571,69.429,-40.429
South Korea,KOR,20201007,60.12,3,2,2,3,0,1,2,2,2,1,2,2,0,-20.143,2.714,5.857,-7.857,65,-30.286
South Korea,KOR,20201008,60.12,3,2,2,3,0,1,2,2,2,1,2,2,0,-15.143,7,4.286,-4.286,54,-18.857
South Korea,KOR,20201009,56.55,1,2,2,3,0,1,2,2,2,1,2,2,0,-13.143,9.286,3.857,-2.714,51.857,-15.286
South Korea,KOR,20201010,56.55,1,2,2,3,0,1,2,2,2,1,2,2,0,-11.857,11.286,3.286,-1.286,51.714,-10.571
South Korea,KOR,20201011,56.55,1,2,2,3,0,1,2,2,2,1,2,2,0,-11,10.143,3,0.143,55.429,-10
South Korea,KOR,20201012,54.46,1,1,2,3,0,1,2,2,2,1,2,2,0,-10.857,10.429,2.857,0.571,57.143,-9.714
South Korea,KOR,20201013,56.25,1,1,2,3,0,1,2,2,2,1,2,3,0,-10.429,10.714,2.714,0.857,57.714,-9.571
South Korea,KOR,20201014,56.25,1,1,2,3,0,1,2,2,2,1,2,3,0,-10,10.714,2.714,1,57.857,-9.571
South Korea,KOR,20201015,56.25,1,1,2,3,0,1,2,2,2,1,2,3,0,-10,10.286,2.857,0.571,57.571,-9.429
South Korea,KOR,20201016,56.25,1,1,2,3,0,1,2,2,2,1,2,3,0,-10.286,9.143,1.143,2.429,47.714,-2.429
South Korea,KOR,20201017,56.25,1,1,2,3,0,1,2,2,2,1,2,3,0,-9.286,9.714,0.857,3.429,46.571,-2
South Korea,KOR,20201018,56.25,1,1,2,3,0,1,2,2,2,1,2,3,0,-8.143,12.857,0.571,4,46.714,-2
South Korea,KOR,20201019,56.25,1,1,2,3,0,1,2,2,2,1,2,3,0,-7.571,13,0.429,4.286,47.143,-1.857
South Korea,KOR,20201020,56.25,1,1,2,3,0,1,2,2,2,1,2,3,0,-7,13.286,0.286,4.857,48,-1.714
South Korea,KOR,20201021,56.25,1,1,2,3,0,1,2,2,2,1,2,3,0,-6.857,13.143,0.143,5,47,-1.429
South Korea,KOR,20201022,56.25,1,1,2,3,0,1,2,2,2,1,2,3,0,-6.714,12.714,0.143,5,46,-1.143
South Korea,KOR,20201023,56.25,1,1,2,3,0,1,2,2,2,1,2,3,0,-6.429,12.857,0,5,46.143,-0.857
South Korea,KOR,20201024,56.25,1,1,2,3,0,1,2,2,2,1,2,3,0,-6.286,12.857,0,5,45.571,-0.714
South Korea,KOR,20201025,52.68,1,1,1,3,0,1,2,2,2,1,2,3,0,-5.857,10.571,-0.143,5.429,46.714,-0.857
South Korea,KOR,20201026,52.68,1,1,1,3,0,1,2,2,2,1,2,3,0,-5.714,10.714,-0.143,5.571,46.571,-0.571
South Korea,KOR,20201027,52.68,1,1,1,3,0,1,2,2,2,1,2,3,0,-5.714,10.571,-0.143,5.429,46.286,-0.429
South Korea,KOR,20201028,52.68,1,1,1,3,0,1,2,2,2,1,2,3,0,-5.429,10.429,-0.143,5.571,47.429,-0.286
South Korea,KOR,20201029,52.68,1,1,1,3,0,1,2,2,2,1,2,3,0,-5.286,10.429,-0.286,5.714,48,-0.143
South Korea,KOR,20201030,52.68,1,1,1,3,0,1,2,2,2,1,2,3,0,-5.143,10.143,-0.286,5.857,48.857,0
South Korea,KOR,20201031,52.68,1,1,1,3,0,1,2,2,2,1,2,3,0,-5,10,-0.429,6,50.286,-0.143
South Korea,KOR,20201101,52.68,1,1,1,3,0,1,2,2,2,1,2,3,0,-6.286,11.429,-0.143,4.286,41,-0.429
South Korea,KOR,20201102,52.68,1,1,1,3,0,1,2,2,2,1,2,3,0,-6.429,10.286,-0.143,3.714,39.143,-0.429
South Korea,KOR,20201103,52.68,1,1,1,3,0,1,2,2,2,1,2,3,0,-6.857,8.857,0,2.857,34.714,-0.286
South Korea,KOR,20201104,52.68,1,1,1,3,0,1,2,2,2,1,2,3,0,-7.143,8.286,0,2.286,31.429,-0.286
South Korea,KOR,20201105,52.68,1,1,1,3,0,1,2,2,2,1,2,3,0,-7.429,7.857,0.143,2.286,30,-0.286
South Korea,KOR,20201106,52.68,1,1,1,3,0,1,2,2,2,1,2,3,0,-7.857,7.429,0.143,2.143,27.857,-0.429
South Korea,KOR,20201107,52.68,1,1,1,3,0,1,2,2,2,1,2,3,0,-8,7.286,0.286,2,25.714,-0.571
South Korea,KOR,20201108,52.68,1,1,1,3,0,1,2,2,2,1,2,3,0,-7,5,0,3.429,31.143,-0.429
South Korea,KOR,20201109,52.68,1,1,1,3,0,1,2,2,2,1,2,3,0,-7.429,5.143,0.143,3.286,28.286,-0.429
South Korea,KOR,20201110,52.68,1,1,1,3,0,1,2,2,2,1,2,3,0,-7.143,6.429,0.143,3.714,29.143,-0.429
South Korea,KOR,20201111,52.68,1,1,1,3,0,1,2,2,2,1,2,3,0,-6.857,7.143,0.143,4.286,30.286,-0.429
South Korea,KOR,20201112,52.68,1,1,1,3,0,1,2,2,2,1,2,3,0,-6.714,7.429,0.143,4.286,30,-0.429
South Korea,KOR,20201113,52.68,1,1,1,3,0,1,2,2,2,1,2,3,0,-6.714,7.714,0.143,4.429,30,-0.429
South Korea,KOR,20201114,52.68,1,1,1,3,0,1,2,2,2,1,2,3,0,-7,7.571,0.143,4.143,28.857,-0.571
South Korea,KOR,20201115,52.68,1,1,1,3,0,1,2,2,2,1,2,3,0,-7.429,10,0.143,4,28.286,-0.429
South Korea,KOR,20201116,52.68,1,1,1,3,0,1,2,2,2,1,2,3,0,-7.429,9.714,0,4.143,29.571,-0.429
South Korea,KOR,20201117,52.68,1,1,1,3,0,1,2,2,2,1,2,3,0,-8,8.857,0,4,29,-0.429
South Korea,KOR,20201118,52.68,1,1,1,3,0,1,2,2,2,1,2,3,0,-9,7.857,0.143,3.286,25.286,-0.429
South Korea,KOR,20201119,52.68,1,1,1,3,0,1,2,2,2,1,2,3,0,-10.714,6.286,0.714,1.714,18.429,-0.857
South Korea,KOR,20201120,52.68,1,1,1,3,0,1,2,2,2,1,2,3,0,-11.429,6,1,1,15,-0.857
South Korea,KOR,20201121,52.68,1,1,1,3,0,1,2,2,2,1,2,3,0,-12.429,5.857,1.286,-0.143,11.714,-0.857
South Korea,KOR,20201122,52.68,1,1,1,3,0,1,2,2,2,1,2,3,0,-14.143,2.429,1.857,-2.429,4.714,-1.571
South Korea,KOR,20201123,56.25,1,1,2,4,0,1,2,2,2,1,2,3,0,-14.857,2.429,2.143,-3.286,1.429,-1.714
South Korea,KOR,20201124,54.46,1,1,2,4,0,1,2,2,2,1,2,3,0,-16,2.429,2.571,-4.286,-0.286,-2
South Korea,KOR,20201125,54.46,1,1,2,4,0,1,2,2,2,1,2,3,0,-16.714,2.857,2.857,-4.857,0.429,-2.286
South Korea,KOR,20201126,56.85,2,1,2,4,0,1,2,2,2,1,2,3,0,-17,4,2.857,-4.714,4.429,-2.571
South Korea,KOR,20201127,56.85,2,1,2,4,0,1,2,2,2,1,2,3,0,-18.286,3.857,3.429,-6,3.714,-3.286
South Korea,KOR,20201128,56.85,2,1,2,4,0,1,2,2,2,1,2,3,0,-20,3.143,4,-7.857,0.429,-3.714
South Korea,KOR,20201129,56.85,2,1,2,4,0,1,2,2,2,1,2,3,0,-21.286,5.429,4.286,-8.857,0.143,-3.714
South Korea,KOR,20201130,56.85,2,1,2,4,0,1,2,2,2,1,2,3,0,-22.286,5.143,4.714,-9.857,-1,-4.429
South Korea,KOR,20201201,58.63,2,1,2,4,0,1,2,2,2,1,2,3,0,-22.857,4.857,5.143,-10.714,-2,-5.143
South Korea,KOR,20201202,58.63,2,1,2,4,0,1,2,2,2,1,2,3,0,-23.429,4.714,5.571,-11.571,-3.429,-5.857
South Korea,KOR,20201203,58.63,2,1,2,4,0,1,2,2,2,1,2,3,0,-23.714,4.143,5.857,-12.143,-4.857,-6.429
South Korea,KOR,20201204,58.63,2,1,2,4,0,1,2,2,2,1,2,3,0,-24,3.857,6,-12.429,-5,-6.714
South Korea,KOR,20201205,58.63,2,1,2,4,0,1,2,2,2,1,2,3,0,-24,4.143,6,-12.286,-4,-6.714
South Korea,KOR,20201206,58.63,2,1,2,4,0,1,2,2,2,1,2,3,0,-24,4.143,6,-12.286,-2,-6.714
South Korea,KOR,20201207,58.63,2,1,2,4,0,1,2,2,2,1,2,3,0,-24.571,3.571,6.143,-12.429,-1.857,-6.714
South Korea,KOR,20201208,56.85,2,1,2,3,0,1,2,2,2,1,2,3,0,-25.286,3,6.143,-12.714,-2,-6.714
South Korea,KOR,20201209,56.85,2,1,2,3,0,1,2,2,2,1,2,3,0,-26,2,6.286,-13.143,-1.429,-6.857
South Korea,KOR,20201210,56.85,2,1,2,3,0,1,2,2,2,1,2,3,0,-26.286,2,6.286,-13.286,-0.286,-6.714
South Korea,KOR,20201211,56.85,2,1,2,3,0,1,2,2,2,1,2,3,0,-25.143,2.571,6.286,-13.286,1.143,-6.857
South Korea,KOR,20201212,56.85,2,1,2,3,0,1,2,2,2,1,2,3,0,-24.571,3,6.571,-13.571,1.571,-7.143
South Korea,KOR,20201213,56.85,2,1,2,3,0,1,2,2,2,1,2,3,0,-25.429,0.286,7.143,-15.143,-1.714,-8.143
South Korea,KOR,20201214,56.85,2,1,2,3,0,1,2,2,2,1,2,3,0,-24.857,0.714,7.429,-16,-4.143,-8.857
South Korea,KOR,20201215,56.85,2,1,2,3,0,1,2,2,2,1,2,3,0,-24,1.143,7.714,-16.857,-6.571,-9.571
South Korea,KOR,20201216,56.85,2,1,2,3,0,1,2,2,2,1,2,3,0,-23.286,1.714,8,-17.714,-9.857,-10.143
South Korea,KOR,20201217,56.85,2,1,2,3,0,1,2,2,2,1,2,3,0,-22.571,2.143,8.429,-18.571,-11.857,-10.714
South Korea,KOR,20201218,56.85,2,1,2,3,0,1,2,2,2,1,2,3,0,-23.286,1.857,8.857,-19.286,-14,-11.143
South Korea,KOR,20201219,56.85,2,1,2,3,0,1,2,2,2,1,2,3,0,-24,1.571,9.143,-20.286,-16.571,-11.429
South Korea,KOR,20201220,56.85,2,1,2,3,0,1,2,2,2,1,2,3,0,-23.571,4.571,9.143,-20.286,-15.286,-11.286
South Korea,KOR,20201221,56.85,2,1,2,3,0,1,2,2,2,1,2,3,0,-23,4.857,9.143,-19.714,-12.571,-11.429
South Korea,KOR,20201222,59.23,2,2,2,3,0,1,2,2,2,1,2,3,0,-22.571,5.143,9,-19,-9.714,-11.429
South Korea,KOR,20201223,62.8,2,2,2,4,0,1,2,2,3,1,2,3,0,-21.857,5.714,8.857,-18.143,-6.857,-11.429
South Korea,KOR,20201224,63.99,3,2,2,4,0,1,2,2,3,1,2,3,0,-20.286,9,8.571,-16.857,-4.857,-11.857
South Korea,KOR,20201225,63.99,3,2,2,4,0,1,2,2,3,1,2,3,0,-20.857,10,11,-19.857,-0.571,-19.571
South Korea,KOR,20201226,63.99,3,2,2,4,0,1,2,2,3,1,2,3,0,-21.286,9.429,11.286,-20.143,2.571,-20.714
South Korea,KOR,20201227,63.99,3,2,2,4,0,1,2,2,3,1,2,3,0,-22,6.286,11.429,-20.286,3.571,-21.286
South Korea,KOR,20201228,63.99,3,2,2,4,0,1,2,2,3,1,2,3,0,-21.857,6.857,11.571,-20.286,5.714,-21.714
South Korea,KOR,20201229,63.99,3,2,2,4,0,1,2,2,3,1,2,3,0,-22.143,6.857,11.857,-20.714,4.286,-22.286
South Korea,KOR,20201230,63.99,3,2,2,4,0,1,2,2,3,1,2,3,0,-23,6.286,12.286,-21.857,0.143,-23.143
South Korea,KOR,20201231,63.99,3,2,2,4,0,1,2,2,3,1,2,3,0,-23.429,7.286,12.857,-22.714,-2.286,-24.571
South Korea,KOR,20210101,66.96,3,2,2,4,0,1,2,1,3,3,2,3,0,-25.429,5.714,13.429,-23.857,-2.714,-26.143
South Korea,KOR,20210102,67.86,3,2,2,4,0,1,2,1,3,3,2,3,0,-25.714,5.571,13.714,-24.571,-4.429,-27.571
South Korea,KOR,20210103,67.86,3,2,2,4,0,1,2,1,3,3,2,3,0,-25.714,7.714,13.714,-24.857,-5.857,-27.571
South Korea,KOR,20210104,67.86,3,2,2,4,0,1,2,1,3,3,2,3,0,-26.429,6.857,13.714,-25.286,-8.571,-27.286
South Korea,KOR,20210105,67.86,3,2,2,4,0,1,2,1,3,3,2,3,0,-26.714,6.429,13.714,-25.571,-9.286,-27
South Korea,KOR,20210106,67.86,3,2,2,4,0,1,2,1,3,3,2,3,0,-26.857,6.429,13.571,-24.857,-7.143,-26.429
South Korea,KOR,20210107,65.48,3,1,2,4,0,1,2,1,3,3,2,3,0,-30,-0.143,13.857,-25.571,-10.857,-25.571
South Korea,KOR,20210108,65.48,3,1,2,4,0,1,2,1,3,3,2,3,0,-28.714,-1,11.429,-22.571,-18.429,-17
South Korea,KOR,20210109,65.48,3,1,2,4,0,1,2,1,3,3,2,3,0,-28.429,-0.571,11.286,-22.429,-22,-14.857
South Korea,KOR,20210110,65.48,3,1,2,4,0,1,2,1,3,3,2,3,0,-28,-2.143,11.429,-22.857,-23,-14.857
South Korea,KOR,20210111,65.48,3,1,2,4,0,1,2,1,3,3,2,3,0,-28.143,-1.857,11.429,-23.286,-24.143,-14.857
South Korea,KOR,20210112,65.48,3,1,2,4,0,1,2,1,3,3,2,3,0,-28.143,-1.571,11.429,-23,-23.143,-14.857
South Korea,KOR,20210113,65.48,3,1,2,4,0,1,2,1,3,3,2,3,0,-27.571,-1.143,11.286,-22.857,-20.857,-14.857
South Korea,KOR,20210114,65.48,3,1,2,4,0,1,2,1,3,3,2,3,0,-25.143,1.714,10.571,-22.429,-14.143,-14.143
South Korea,KOR,20210115,65.48,3,1,2,4,0,1,2,1,3,3,2,3,0,-23.714,3.143,9.857,-21.571,-9.143,-13.714
South Korea,KOR,20210116,65.48,3,1,2,4,0,1,2,1,3,3,2,3,0,-22.714,3.571,9.286,-20.571,-5.571,-13.286
South Korea,KOR,20210117,65.48,3,1,2,4,0,1,2,1,3,3,2,3,0,-22.143,6.286,9,-19.714,-4.286,-12.857
South Korea,KOR,20210118,65.48,3,1,2,4,0,1,2,1,3,3,2,3,0,-22.286,5,9.143,-19.714,-5.143,-13.143
South Korea,KOR,20210119,65.48,3,1,2,4,0,1,2,1,3,3,2,3,0,-21.714,4.857,9,-20,-4.857,-13
South Korea,KOR,20210120,65.48,3,1,2,4,0,1,2,1,3,3,2,3,0,-20.857,5.286,8.714,-19.857,-3.857,-12.714
South Korea,KOR,20210121,65.48,3,1,2,4,0,1,2,1,3,3,2,3,0,-21.143,4,8.714,-20,-6.571,-12.429
South Korea,KOR,20210122,65.48,3,1,2,4,0,1,2,1,3,3,2,3,0,-20.714,3.857,8.714,-19.857,-7.429,-12.143
South Korea,KOR,20210123,65.48,3,1,2,4,0,1,2,1,3,3,2,3,0,-20,4,8.571,-19.429,-6.714,-11.857
South Korea,KOR,20210124,65.48,3,1,2,4,0,1,2,1,3,3,2,3,0,-18.429,2.286,8.143,-18.286,-1.429,-11.429
South Korea,KOR,20210125,65.48,3,1,2,4,0,1,2,1,3,3,2,3,0,-16.714,4.429,7.571,-17.143,5,-10.857
South Korea,KOR,20210126,65.48,3,1,2,4,0,1,2,1,3,3,2,3,0,-16.714,4.143,7.571,-17.143,3.143,-10.714
South Korea,KOR,20210127,65.48,3,1,2,4,0,1,2,1,3,3,2,3,0,-16.286,4.286,7.429,-16.857,4,-10.571
South Korea,KOR,20210128,65.48,3,1,2,4,0,1,2,1,3,3,2,3,0,-16.429,4.286,7.571,-17.143,2.714,-10.571
South Korea,KOR,20210129,65.48,3,1,2,4,0,1,2,1,3,3,2,3,0,-16.429,4.286,7.714,-17.571,1.143,-10.429
South Korea,KOR,20210130,65.48,3,1,2,4,0,1,2,1,3,3,2,3,0,-16,4.857,7.714,-17.571,1.571,-10.143
South Korea,KOR,20210131,65.48,3,1,2,4,0,1,2,1,3,3,2,3,0,-15.571,8.143,7.714,-17.857,0.429,-9.571
South Korea,KOR,20210201,65.48,3,1,2,4,0,1,2,1,3,3,2,3,0,-15.429,8.286,7.857,-18.286,-3.714,-9.429
South Korea,KOR,20210202,65.48,3,1,2,4,0,1,2,1,3,3,2,3,0,-14.429,9.714,7.571,-17.714,-2.286,-9.143
South Korea,KOR,20210203,65.48,3,1,2,4,0,1,2,1,3,3,2,3,0,-14.429,10.286,7.571,-17.857,-4.714,-8.857
South Korea,KOR,20210204,65.48,3,1,2,4,0,1,2,1,3,3,2,3,0,-13.286,11.714,7.286,-16.857,-2.714,-8.571
South Korea,KOR,20210205,65.48,3,1,2,4,0,1,2,1,3,3,2,3,0,-12.286,13,6.857,-15.714,0,-8.286
South Korea,KOR,20210206,65.48,3,1,2,4,0,1,2,1,3,3,2,3,0,-11.857,13.571,6.571,-15,1.286,-7.857
South Korea,KOR,20210207,65.48,3,1,2,4,0,1,2,1,3,3,2,3,0,-11.429,14.429,6.571,-14.429,0.286,-7.429
South Korea,KOR,20210208,65.48,3,1,2,4,0,1,2,1,3,3,2,3,0,-10.714,15.571,6.429,-13.857,0.429,-7.429
South Korea,KOR,20210209,65.48,3,1,2,4,0,1,2,1,3,3,2,3,0,-9.143,18.714,6.143,-12.714,2.571,-7.429
South Korea,KOR,20210210,65.48,3,1,2,4,0,1,2,1,3,3,2,3,0,-7,25.857,6,-11,4.714,-8.429
South Korea,KOR,20210211,65.48,3,1,2,4,0,1,2,1,3,3,2,3,0,-7.429,34.429,7.571,-12.714,10.714,-17.714
South Korea,KOR,20210212,65.48,3,1,2,4,0,1,2,1,3,3,2,3,0,-12.286,30.143,9.286,-16.286,20.286,-28.429
South Korea,KOR,20210213,65.48,3,1,2,4,0,1,2,1,3,3,2,3,0,-14,27,9.571,-17.429,25.286,-34.714
South Korea,KOR,20210214,65.48,3,1,2,4,0,1,2,1,3,3,2,3,0,-15,21.571,9.571,-17.857,24.571,-35.857
South Korea,KOR,20210215,65.48,3,1,2,4,0,1,2,1,3,3,2,3,0,-15.143,20.143,9.714,-18.571,23.857,-36.286
South Korea,KOR,20210216,65.48,3,1,2,4,0,1,2,1,3,3,2,3,0,-16.571,16.143,10,-19.857,21.143,-36.286
South Korea,KOR,20210217,65.48,3,1,2,4,0,1,2,1,3,3,2,3,0,-19.143,7.286,10.286,-22.429,15.143,-35.429
South Korea,KOR,20210218,65.48,3,1,2,4,0,1,2,1,3,3,2,3,0,-18.286,-1.571,8.571,-21.286,7.857,-26.143
South Korea,KOR,20210219,65.48,3,1,2,4,0,1,2,1,3,3,2,3,0,-12.714,2.714,6.714,-17.571,-1.143,-15.286
South Korea,KOR,20210220,65.48,3,1,2,4,0,1,2,1,3,3,2,3,0,-10,5.857,6.143,-15.714,-3.571,-8.714
South Korea,KOR,20210221,65.48,3,1,2,4,0,1,2,1,3,3,2,3,0,-7.714,10.714,5.714,-14,2.429,-7.429
South Korea,KOR,20210222,65.48,3,1,2,4,0,1,2,1,3,3,2,3,0,-6.857,11.571,5.286,-12.857,7.429,-6.714
South Korea,KOR,20210223,65.48,3,1,2,4,0,1,2,1,3,3,2,3,0,-5.714,13,5,-12,11,-6.571
South Korea,KOR,20210224,65.48,3,1,2,4,0,1,2,1,3,3,2,3,0,-4,15.143,4.571,-10.429,17.857,-6.429
South Korea,KOR,20210225,65.48,3,1,2,4,0,1,2,1,3,3,2,3,0,-3.286,16.714,4.286,-9.429,20.286,-6.286
South Korea,KOR,20210226,68.33,3,1,2,4,0,1,2,1,3,3,2,3,2,-2.857,17.286,4.143,-9,21.857,-6.429
South Korea,KOR,20210227,68.33,3,1,2,4,0,1,2,1,3,3,2,3,2,-2.429,17.714,3.857,-8.286,22,-6.571
South Korea,KOR,20210228,68.33,3,1,2,4,0,1,2,1,3,3,2,3,2,-1.429,16.429,3.571,-7,23.143,-7
South Korea,KOR,20210301,64.76,1,1,2,4,0,1,2,1,3,3,2,3,2,-3.286,15.429,6.143,-11.429,14.714,-15
South Korea,KOR,20210302,64.76,1,1,2,4,0,1,2,1,3,3,2,3,2,-3.286,16.429,6,-11.143,13.143,-14.714
South Korea,KOR,20210303,64.76,1,1,2,4,0,1,2,1,3,3,2,3,2,-3.143,17.429,5.714,-10.857,12.857,-14.286
South Korea,KOR,20210304,64.76,1,1,2,4,0,1,2,1,3,3,2,3,2,-3.286,16.714,5.571,-10.714,13.286,-13.857
South Korea,KOR,20210305,64.76,1,1,2,4,0,1,2,1,3,3,2,3,2,-3.286,16.857,5.286,-10.286,14,-13.286
South Korea,KOR,20210306,64.76,1,1,2,4,0,1,2,1,3,3,2,3,2,-3.571,16.429,5.571,-11.286,11.429,-13.143
South Korea,KOR,20210307,64.76,1,1,2,4,0,1,2,1,3,3,2,3,2,-4.286,18.286,5.857,-12.714,8.143,-12.571
South Korea,KOR,20210308,64.76,1,1,2,4,0,1,2,1,3,3,2,3,2,-2.429,19.571,3,-7.857,16.857,-4.286
South Korea,KOR,20210309,64.76,1,1,2,4,0,1,2,1,3,3,2,3,2,-2.143,19,2.714,-7.429,20.143,-4.143
South Korea,KOR,20210310,64.76,1,1,2,4,0,1,2,1,3,3,2,3,2,-2,18.286,2.714,-7.143,22.286,-4
South Korea,KOR,20210311,64.76,1,1,2,4,0,1,2,1,3,3,2,3,2,-1.429,19,2.571,-6.714,24.857,-3.857
South Korea,KOR,20210312,64.76,1,1,2,4,0,1,2,1,3,3,2,3,2,-2,18.286,2.714,-7.286,20.571,-4
South Korea,KOR,20210313,64.76,1,1,2,4,0,1,2,1,3,3,2,3,2,-1.429,19.429,2.429,-6.286,24.286,-4
South Korea,KOR,20210314,64.76,1,1,2,4,0,1,2,1,3,3,2,3,2,-1.143,17.429,2.286,-5.571,26.143,-4
South Korea,KOR,20210315,64.76,1,1,2,4,0,1,2,1,3,3,2,3,2,-1.143,18,2.286,-5.429,26.286,-3.857
South Korea,KOR,20210316,64.76,1,1,2,4,0,1,2,1,3,3,2,3,2,-1,18.143,2.286,-5.429,26.143,-3.714
South Korea,KOR,20210317,64.76,1,1,2,4,0,1,2,1,3,3,2,3,2,-1,18.571,2.143,-5.286,26.286,-3.429
South Korea,KOR,20210318,64.76,1,1,2,4,0,1,2,1,3,3,2,3,2,-1,18.714,2,-5,27.143,-3.143
South Korea,KOR,20210319,64.76,1,1,2,4,0,1,2,1,3,3,2,3,2,0,19.857,1.571,-4,33,-2.714
South Korea,KOR,20210320,64.76,1,1,2,4,0,1,2,1,3,3,2,3,2,-1.286,18.143,2.143,-5.571,25.714,-3
South Korea,KOR,20210321,64.76,1,1,2,4,0,1,2,1,3,3,2,3,2,-1.714,20,2.286,-6.143,22.286,-2.857
South Korea,KOR,20210322,64.76,1,1,2,4,0,1,2,1,3,3,2,3,2,-1.714,19.571,2.286,-6.286,21.857,-2.571
South Korea,KOR,20210323,66.19,1,1,2,4,0,1,2,1,3,3,2,3,3,-1.429,19.857,2.286,-6,23.429,-2.286
South Korea,KOR,20210324,66.19,1,1,2,4,0,1,2,1,3,3,2,3,3,-1.286,19.571,2.286,-5.857,24.571,-2.286
South Korea,KOR,20210325,66.19,1,1,2,4,0,1,2,1,3,3,2,3,3,-0.857,19.857,2.286,-5.571,26.571,-2.286
South Korea,KOR,20210326,66.19,1,1,2,4,0,1,2,1,3,3,2,3,3,-0.714,20,2.286,-5.286,28.286,-2.286
South Korea,KOR,20210327,66.19,1,1,2,4,0,1,2,1,3,3,2,3,3,-0.571,20,2,-4.714,29.857,-2.286
South Korea,KOR,20210328,66.19,1,1,2,4,0,1,2,1,3,3,2,3,3,-0.714,17.571,2,-4.857,31,-2.714
South Korea,KOR,20210329,66.19,1,1,2,4,0,1,2,1,3,3,2,3,3,-0.714,17.857,2,-4.714,30.429,-2.571
South Korea,KOR,20210330,66.19,1,1,2,4,0,1,2,1,3,3,2,3,3,-0.714,18.286,1.857,-4.429,32,-2.429
South Korea,KOR,20210331,66.19,1,1,2,4,0,1,2,1,3,3,2,3,3,-0.143,19.143,1.714,-4.143,35.429,-2.286
South Korea,KOR,20210401,66.19,1,1,2,4,0,1,2,1,3,3,2,3,3,-0.143,19.286,1.571,-4.143,36.571,-2.143
South Korea,KOR,20210402,66.19,1,1,2,4,0,1,2,1,3,3,2,3,3,-0.143,19.714,1.571,-4.143,37.714,-2
South Korea,KOR,20210403,66.19,1,1,2,4,0,1,2,1,3,3,2,3,3,-0.714,19.429,1.857,-4.857,35.857,-2.286
South Korea,KOR,20210404,66.19,1,1,2,4,0,1,2,1,3,3,2,3,3,-0.286,22.714,1.857,-4.571,36.571,-2.143
South Korea,KOR,20210405,66.19,1,1,2,4,0,1,2,1,3,3,2,3,3,0.429,23.286,1.714,-4,41.714,-2.143
South Korea,KOR,20210406,66.19,1,1,2,4,0,1,2,1,3,3,2,3,3,0.429,23.143,1.714,-4,42.571,-2.143
South Korea,KOR,20210407,66.19,1,1,2,4,0,1,2,1,3,3,2,3,3,0,23.143,1.857,-4.143,41.143,-2.286
South Korea,KOR,20210408,66.19,1,1,2,4,0,1,2,1,3,3,2,3,3,-0.286,23,2,-4.286,40.143,-2.286
South Korea,KOR,20210409,66.19,1,1,2,4,0,1,2,1,3,3,2,3,3,-0.429,22.714,2,-4.429,38.429,-2.429
South Korea,KOR,20210410,66.19,1,1,2,4,0,1,2,1,3,3,2,3,3,1.429,24.857,1.143,-2,49.571,-2.143
South Korea,KOR,20210411,66.19,1,1,2,4,0,1,2,1,3,3,2,3,3,2,22.714,0.714,-0.429,55.857,-2
South Korea,KOR,20210412,66.19,1,1,2,4,0,1,2,1,3,3,2,3,3,0,20.571,1,-1.857,45.429,-2.143
South Korea,KOR,20210413,66.19,1,1,2,4,0,1,2,1,3,3,2,3,3,-0.286,20.714,1.286,-2.429,41.714,-2.143
South Korea,KOR,20210414,66.19,1,1,2,4,0,1,2,1,3,3,2,3,3,-0.571,20.143,1.286,-2.714,39.286,-2.143
South Korea,KOR,20210415,66.19,1,1,2,4,0,1,2,1,3,3,2,3,3,-0.286,20.429,1.143,-2.571,39.143,-2.143
South Korea,KOR,20210416,66.19,1,1,2,4,0,1,2,1,3,3,2,3,3,-0.714,20.143,1.429,-3.143,36.286,-2
South Korea,KOR,20210417,66.19,1,1,2,4,0,1,2,1,3,3,2,3,3,-1.143,19.571,1.714,-4,31.286,-1.857
South Korea,KOR,20210418,66.19,1,1,2,4,0,1,2,1,3,3,2,3,3,-1.429,21.857,1.857,-4.714,29,-1.714
South Korea,KOR,20210419,66.19,1,1,2,4,0,1,2,1,3,3,2,3,3,0.286,23.857,1.571,-3.429,38.571,-1.571
South Korea,KOR,20210420,66.19,1,1,2,4,0,1,2,1,3,3,2,3,3,0.714,24,1.286,-2.714,41.857,-1.571
South Korea,KOR,20210421,66.19,1,1,2,4,0,1,2,1,3,3,2,3,3,1.143,24.571,1.286,-2.286,43.857,-1.429
South Korea,KOR,20210422,66.19,1,1,2,4,0,1,2,1,3,3,2,3,3,1,24.429,1.429,-2.286,43.571,-1.429
South Korea,KOR,20210423,66.19,1,1,2,4,0,1,2,1,3,3,2,3,3,1.286,24.857,1.286,-1.714,45.571,-1.429
South Korea,KOR,20210424,66.19,1,1,2,4,0,1,2,1,3,3,2,3,3,1.714,25.714,1.143,-1,49.571,-1.429
South Korea,KOR,20210425,66.19,1,1,2,4,0,1,2,1,3,3,2,3,3,1.857,23.571,1,-0.429,50.857,-1.571
South Korea,KOR,20210426,66.19,1,1,2,4,0,1,2,1,3,3,2,3,3,2,24.286,1,-0.286,50.857,-1.429
South Korea,KOR,20210427,66.19,1,1,2,4,0,1,2,1,3,3,2,3,3,1.571,24.143,1.143,-0.429,49.143,-1.286
South Korea,KOR,20210428,66.19,1,1,2,4,0,1,2,1,3,3,2,3,3,1.429,24,1.143,-0.571,48,-1.286
South Korea,KOR,20210429,66.19,1,1,2,4,0,1,2,1,3,3,2,3,3,1.429,24.143,1.143,-0.571,46.857,-1.143
South Korea,KOR,20210430,66.19,1,1,2,4,0,1,2,1,3,3,2,3,3,1.571,24.286,1.143,-0.571,45.286,-1
South Korea,KOR,20210501,66.19,1,1,2,4,0,1,2,1,3,3,2,3,3,1,23.571,1.714,-1.714,39.286,-2.857
South Korea,KOR,20210502,66.19,1,1,2,4,0,1,2,1,3,3,2,3,3,1.286,26.286,1.714,-1.714,39,-3
South Korea,KOR,20210503,62.62,1,1,1,4,0,1,2,1,3,3,2,3,3,1.857,26.429,1.714,-1.429,40.714,-3.286
South Korea,KOR,20210504,62.62,1,1,1,4,0,1,2,1,3,3,2,3,3,1.857,26.286,1.714,-1.571,36,-3.857
South Korea,KOR,20210505,62.62,1,1,1,4,0,1,2,1,3,3,2,3,3,4.429,30,3.571,-3.143,52.286,-12
South Korea,KOR,20210506,60.83,1,1,1,4,0,1,2,1,2,3,2,3,3,4.714,30.571,3.429,-2.857,54.857,-12.429
South Korea,KOR,20210507,60.83,1,1,1,4,0,1,2,1,2,3,2,3,3,4.571,30.714,3.429,-2.714,54.857,-12.857
South Korea,KOR,20210508,60.83,1,1,1,4,0,1,2,1,2,3,2,3,3,5,31.714,2.714,-1.714,56.143,-11.571
South Korea,KOR,20210509,60.83,1,1,1,4,0,1,2,1,2,3,2,3,3,4.714,28.857,2.429,-1.286,55.857,-11.571
South Korea,KOR,20210510,60.83,1,1,1,4,0,1,2,1,2,3,2,3,3,3.429,27.857,2.571,-2,49.714,-11.429
South Korea,KOR,20210511,60.83,1,1,1,4,0,1,2,1,2,3,2,3,3,4,28.571,2.429,-1.571,55.714,-10.857
South Korea,KOR,20210512,60.83,1,1,1,4,0,1,2,1,2,3,2,3,3,1.714,25.286,0.429,0.571,41,-2.714
South Korea,KOR,20210513,60.83,1,1,1,4,0,1,2,1,2,3,2,3,3,1.857,25.286,0.429,0.857,40.714,-2.429
South Korea,KOR,20210514,60.83,1,1,1,4,0,1,2,1,2,3,2,3,3,2.286,25.571,0.286,1.286,44,-2
South Korea,KOR,20210515,60.83,1,1,1,4,0,1,2,1,2,3,2,3,3,1.429,24,0.857,0.429,41.857,-2
South Korea,KOR,20210516,60.83,1,1,1,4,0,1,2,1,2,3,2,3,3,-1.429,23.286,2,-3.429,27.714,-2.714
South Korea,KOR,20210517,60.83,1,1,1,4,0,1,2,1,2,3,2,3,3,-1.429,23.286,2,-3.429,26.286,-2.714
South Korea,KOR,20210518,60.83,1,1,1,4,0,1,2,1,2,3,2,3,3,-0.571,24.571,1.714,-2.429,28.571,-2.714
South Korea,KOR,20210519,60.83,1,1,1,4,0,1,2,1,2,3,2,3,3,1.143,26.571,3.571,-4.143,43.857,-10.571
South Korea,KOR,20210520,60.83,1,1,1,4,0,1,2,1,2,3,2,3,3,-0.286,24.857,4,-5.429,37.429,-10.429
South Korea,KOR,20210521,60.83,1,1,1,4,0,1,2,1,2,3,2,3,3,-0.429,23.857,4.286,-5.857,35.143,-10.286
South Korea,KOR,20210522,60.83,1,1,1,4,0,1,2,1,2,3,2,3,3,1.143,25,3.857,-4.286,44.571,-9.571
South Korea,KOR,20210523,60.83,1,1,1,4,0,1,2,1,2,3,2,3,3,4,25.429,3.143,-0.571,59.714,-8.571
South Korea,KOR,20210524,60.83,1,1,1,4,0,1,2,1,2,3,2,3,3,5.286,26.143,3,0.286,66,-8.143
South Korea,KOR,20210525,60.83,1,1,1,4,0,1,2,1,2,3,2,3,3,4.857,24.571,3.429,-0.571,63.143,-7.857
South Korea,KOR,20210526,60.83,1,1,1,4,0,1,2,1,2,3,2,3,3,3.429,22,1.714,1.286,47.857,0.429
South Korea,KOR,20210527,60.83,1,1,1,4,0,1,2,1,2,3,2,3,3,4.857,23,1.571,2.143,51.857,0.714
South Korea,KOR,20210528,60.83,1,1,1,4,0,1,2,1,2,3,2,3,3,5,23,1.571,2.143,51.429,0.857
South Korea,KOR,20210529,60.83,1,1,1,4,0,1,2,1,2,3,2,3,3,4.857,22.714,1.571,1.857,48.429,1
South Korea,KOR,20210530,60.83,1,1,1,4,0,1,2,1,2,3,2,3,3,5.571,25.571,1.429,2,48.143,1.429
South Korea,KOR,20210531,60.83,1,1,1,4,0,1,2,1,2,3,2,3,3,6.143,25.571,1.429,2,48.571,1.714
South Korea,KOR,20210601,60.83,1,1,1,4,0,1,2,1,2,3,2,3,3,6.571,25.857,1.429,2.286,50.286,2
South Korea,KOR,20210602,60.83,1,1,1,4,0,1,2,1,2,3,2,3,3,7.143,26.714,1.429,2.286,51.286,2.286
South Korea,KOR,20210603,60.83,1,1,1,4,0,1,2,1,2,3,2,3,3,6.286,25.143,1.571,1.714,46.571,2.429
South Korea,KOR,20210604,60.83,1,1,1,4,0,1,2,1,2,3,2,3,3,7.286,26.429,1.286,2.571,51,2.714
South Korea,KOR,20210605,60.83,1,1,1,4,0,1,2,1,2,3,2,3,3,7.714,27.143,1.286,3.143,53.143,2.714
South Korea,KOR,20210606,60.83,1,1,1,4,0,1,2,1,2,3,2,3,3,7.571,27.571,1.286,3.143,52.857,2.429
South Korea,KOR,20210607,60.83,1,1,1,4,0,1,2,1,2,3,2,3,3,7.571,27.714,1.286,3.286,53,2.286
South Korea,KOR,20210608,60.83,1,1,1,4,0,1,2,1,2,3,2,3,3,7.571,27.714,1.286,3.286,53,2.286
South Korea,KOR,20210609,60.83,1,1,1,4,0,1,2,1,2,3,2,3,3,7.429,27.286,1.286,3.286,51.714,2.143
South Korea,KOR,20210610,60.83,1,1,1,4,0,1,2,1,2,3,2,3,3,8.714,29.143,1,4.286,56.571,2.143
South Korea,KOR,20210611,60.83,1,1,1,4,0,1,2,1,2,3,2,3,3,8.143,28.286,1.429,3.286,52.571,1.857
South Korea,KOR,20210612,60.83,1,1,1,4,0,1,2,1,2,3,2,3,3,7.857,28,1.571,2.571,49.857,1.714
South Korea,KOR,20210613,60.83,1,1,1,4,0,1,2,1,2,3,2,3,3,7.857,25.286,1.571,2.286,48,1.571
South Korea,KOR,20210614,60.83,1,1,1,4,0,1,2,1,2,3,2,3,3,7.857,25.714,1.571,2.286,47.571,1.571
South Korea,KOR,20210615,60.83,1,1,1,4,0,1,2,1,2,3,2,3,3,7.286,25.143,1.571,1.857,44.143,1.429
South Korea,KOR,20210616,60.83,1,1,1,4,0,1,2,1,2,3,2,3,3,7.429,25.571,1.571,1.857,44.286,1.429
South Korea,KOR,20210617,60.83,1,1,1,4,0,1,2,1,2,3,2,3,3,7.571,25.429,1.429,1.857,45.571,1.286
South Korea,KOR,20210618,60.83,1,1,1,4,0,1,2,1,2,3,2,3,3,7.571,25.286,1.143,2.143,45.857,1.286
South Korea,KOR,20210619,60.83,1,1,1,4,0,1,2,1,2,3,2,3,3,8,25.286,0.857,2.714,47.714,1.286
South Korea,KOR,20210620,60.83,1,1,1,4,0,1,2,1,2,3,2,3,3,8,27.571,0.714,2.857,48.143,1.429
South Korea,KOR,20210621,60.83,1,1,1,4,0,1,2,1,2,3,2,3,3,8.286,27,0.571,2.857,48.857,1.429
South Korea,KOR,20210622,60.83,1,1,1,4,0,1,2,1,2,3,2,3,3,9,27.143,0.429,3.286,51.714,1.429
South Korea,KOR,20210623,60.83,1,1,1,4,0,1,2,1,2,3,2,3,3,8.857,26.286,0.286,3.143,51.571,1.429
South Korea,KOR,20210624,60.83,1,1,1,4,0,1,2,1,2,3,2,3,3,9.286,26.571,0.286,3.286,53.429,1.571
South Korea,KOR,20210625,60.83,1,1,1,4,0,1,2,1,2,3,2,3,3,10,27.143,0,4,56.571,1.714
South Korea,KOR,20210626,60.83,1,1,1,4,0,1,2,1,2,3,2,3,3,9.857,27,0.143,3.571,55,1.714
South Korea,KOR,20210627,60.83,1,1,1,4,0,1,2,1,2,3,2,3,3,10,24.286,0.286,3.571,54.714,1.714
South Korea,KOR,20210628,60.83,1,1,1,4,0,1,2,1,2,3,2,3,3,9.714,24.286,0.429,3.429,53.143,1.714
South Korea,KOR,20210629,60.83,1,1,1,4,0,1,2,1,2,3,2,3,3,9.571,24.286,0.429,3.286,52.857,1.857
South Korea,KOR,20210630,60.83,1,1,1,4,0,1,2,1,2,3,2,3,3,9.429,24.286,0.286,2.857,52,1.571
South Korea,KOR,20210701,51.31,1,1,1,4,0,0,2,0,2,3,2,3,3,9.571,24.429,0.286,2.714,51.286,1.571
South Korea,KOR,20210702,51.31,1,1,1,4,0,0,2,0,2,3,2,3,3,9.571,24.571,0.429,2.571,50.857,1.571
South Korea,KOR,20210703,51.31,1,1,1,4,0,0,2,0,2,3,2,3,3,8.143,23,0.857,1.286,44.857,1.143
South Korea,KOR,20210704,51.31,1,1,1,4,0,0,2,0,2,3,2,3,3,6.857,24.571,1.286,-0.714,38.143,0.714
South Korea,KOR,20210705,51.31,1,1,1,4,0,0,2,0,2,3,2,3,3,6.714,24.143,1.286,-0.857,37.143,0.714
South Korea,KOR,20210706,51.31,1,1,1,4,0,0,2,0,2,3,2,3,3,6.286,23.571,1.571,-1.429,34.571,0.571
South Korea,KOR,20210707,51.31,1,1,1,4,0,0,2,0,2,3,2,3,3,5.714,23.143,2.143,-1.714,31.286,0.714
South Korea,KOR,20210708,51.31,1,1,1,4,0,0,2,0,2,3,2,3,3,4.857,22.714,2.429,-2.286,28.714,0.714
South Korea,KOR,20210709,51.31,1,1,1,4,0,0,2,0,2,3,2,3,3,4,22.286,2.571,-3,26.571,0.714
South Korea,KOR,20210710,51.31,1,1,1,4,0,0,2,0,2,3,2,3,3,4.571,24,2.429,-2.714,30.286,1
South Korea,KOR,20210711,51.31,1,1,1,4,0,0,2,0,2,3,2,3,3,4.429,22.286,2.429,-2.429,33,0.857
South Korea,KOR,20210712,56.96,2,1,2,4,0,0,2,0,2,3,2,3,3,3.429,22.571,2.714,-3.286,32.857,0.286
South Korea,KOR,20210713,56.96,2,1,2,4,0,0,2,0,2,3,2,3,3,3,23.286,2.857,-3.714,34.286,-0.286
South Korea,KOR,20210714,56.96,2,1,2,4,0,0,2,0,2,3,2,3,3,2.857,23.857,2.857,-4.143,36.571,-0.857
South Korea,KOR,20210715,59.35,3,1,2,4,0,0,2,0,2,3,2,3,3,2.143,23.857,3.143,-4.857,36.429,-1.571
South Korea,KOR,20210716,59.35,3,1,2,4,0,0,2,0,2,3,2,3,3,1.571,23.571,3.571,-5.714,35.429,-2.429
South Korea,KOR,20210717,59.35,3,1,2,4,0,0,2,0,2,3,2,3,3,1,23.286,3.714,-6.286,35.714,-2.571
South Korea,KOR,20210718,59.35,3,1,2,4,0,0,2,0,2,3,2,3,3,0.714,25.571,3.714,-6.571,36.571,-2.714
South Korea,KOR,20210719,59.35,3,1,2,4,0,0,2,0,2,3,2,3,3,0.857,25.286,3.857,-6.857,36.571,-3.286
South Korea,KOR,20210720,59.35,3,1,2,4,0,0,2,0,2,3,2,3,3,1,25.571,4,-7,37,-3.857
South Korea,KOR,20210721,59.35,3,1,2,4,0,0,2,0,2,3,2,3,3,1.143,26.286,4.143,-7,37.143,-4.429
South Korea,KOR,20210722,59.35,3,1,2,4,0,0,2,0,2,3,2,3,3,1.143,26.286,4.286,-7.143,37.857,-5
South Korea,KOR,20210723,59.35,3,1,2,4,0,0,2,0,2,3,2,3,3,1,26.571,4.429,-7.286,38.714,-5.429
South Korea,KOR,20210724,59.35,3,1,2,4,0,0,2,0,2,3,2,3,3,0.571,26.429,4.571,-7.571,37.857,-5.429
South Korea,KOR,20210725,59.35,3,1,2,4,0,0,2,0,2,3,2,3,3,0,23.571,4.714,-8,37,-5.571
South Korea,KOR,20210726,61.67,3,1,2,4,0,0,2,0,2,3,2,3,4,0.143,24.429,4.857,-8.143,37.571,-6.143
South Korea,KOR,20210727,61.67,3,1,2,4,0,0,2,0,2,3,2,3,4,-0.143,24.286,5,-8.429,37.286,-6.714
South Korea,KOR,20210728,61.67,3,1,2,4,0,0,2,0,2,3,2,3,4,-0.571,23.571,5.143,-8.714,37.429,-7.286
South Korea,KOR,20210729,61.67,3,1,2,4,0,0,2,0,2,3,2,3,4,-0.429,24.143,5.143,-8.714,38.571,-8.143
South Korea,KOR,20210730,61.67,3,1,2,4,0,0,2,0,2,3,2,3,4,-0.286,24.429,5.286,-8.714,39.571,-9.143
South Korea,KOR,20210731,61.67,3,1,2,4,0,0,2,0,2,3,2,3,4,-0.429,24.429,5.286,-8.571,40,-10.429
South Korea,KOR,20210801,61.67,3,1,2,4,0,0,2,0,2,3,2,3,4,-0.571,27,5.143,-8.286,39.714,-11
South Korea,KOR,20210802,61.67,3,1,2,4,0,0,2,0,2,3,2,3,4,0.143,27.857,5.429,-8.143,44,-13.286
South Korea,KOR,20210803,61.67,3,1,2,4,0,0,2,0,2,3,2,3,4,1,28.857,5.714,-8,48.429,-15.429
South Korea,KOR,20210804,61.67,3,1,2,4,0,0,2,0,2,3,2,3,4,1.714,30,6,-8,51.429,-17.143
South Korea,KOR,20210805,61.67,3,1,2,4,0,0,2,0,2,3,2,3,4,2.143,30.286,6.143,-8,52.714,-18
South Korea,KOR,20210806,62.86,3,2,2,4,0,0,2,0,2,3,2,3,4,2.143,30.143,6.286,-8.143,53.143,-18.571
South Korea,KOR,20210807,62.86,3,2,2,4,0,0,2,0,2,3,2,3,4,2.286,30,6.286,-8.143,53.714,-18.143
South Korea,KOR,20210808,62.86,3,2,2,4,0,0,2,0,2,3,2,3,4,2,27,6.571,-8.429,53.429,-17.714
South Korea,KOR,20210809,64.29,3,2,2,4,0,0,2,0,2,3,2,3,5,1.429,26.429,6.286,-8.286,50.286,-15.429
South Korea,KOR,20210810,64.29,3,2,2,4,0,0,2,0,2,3,2,3,5,1,25.857,6,-8.143,46.571,-13.143
South Korea,KOR,20210811,64.29,3,2,2,4,0,0,2,0,2,3,2,3,5,0.714,24.857,5.714,-7.857,45,-11.286
South Korea,KOR,20210812,64.29,3,2,2,4,0,0,2,0,2,3,2,3,5,0.286,24.143,5.571,-7.571,43.571,-10
South Korea,KOR,20210813,64.29,3,2,2,4,0,0,2,0,2,3,2,3,5,0.286,24.143,5.286,-7.143,43.571,-8.857
South Korea,KOR,20210814,64.29,3,2,2,4,0,0,2,0,2,3,2,3,5,0.429,24.571,5.286,-6.714,44.286,-8.429
South Korea,KOR,20210815,64.29,3,2,2,4,0,0,2,0,2,3,2,3,5,2,29,4.857,-5.286,50.429,-8.429
South Korea,KOR,20210816,64.29,3,2,2,4,0,0,2,0,2,3,2,3,5,2.714,29.429,6.143,-6.857,57.857,-14.429
South Korea,KOR,20210817,64.29,3,2,2,4,0,0,2,0,2,3,2,3,5,1.857,28.429,6,-6.857,56.286,-14.143
South Korea,KOR,20210818,64.29,3,2,2,4,0,0,2,0,2,3,2,3,5,1.429,28.286,6,-6.857,54.857,-13.429
South Korea,KOR,20210819,64.29,3,2,2,4,0,0,2,0,2,3,2,3,5,1.429,28.286,5.857,-6.714,55.286,-12.714
South Korea,KOR,20210820,64.29,3,2,2,4,0,0,2,0,2,3,2,3,5,1.429,28,5.714,-6.571,55.143,-11.857
South Korea,KOR,20210821,64.29,3,2,2,4,0,0,2,0,2,3,2,3,5,-0.143,26,6.286,-8.714,47.714,-11.714
South Korea,KOR,20210822,64.29,3,2,2,4,0,0,2,0,2,3,2,3,5,-0.286,22.714,6.571,-9.429,45,-11
South Korea,KOR,20210823,64.29,3,2,2,4,0,0,2,0,2,3,2,3,5,-2.571,20,5.429,-8.571,29.714,-4
South Korea,KOR,20210824,64.29,3,2,2,4,0,0,2,0,2,3,2,3,5,-3.143,19.429,5.714,-9.571,25,-3.571
South Korea,KOR,20210825,64.29,3,2,2,4,0,0,2,0,2,3,2,3,5,-3.143,19.286,5.571,-9.571,22.571,-3.286
South Korea,KOR,20210826,64.29,3,2,2,4,0,0,2,0,2,3,2,3,5,-2.857,19.714,5.429,-9.429,21.714,-2.857
South Korea,KOR,20210827,64.29,3,2,2,4,0,0,2,0,2,3,2,3,5,-3.143,19.429,5.571,-9.714,18.286,-2.714
South Korea,KOR,20210828,64.29,3,2,2,4,0,0,2,0,2,3,2,3,5,-0.714,21.571,4.857,-7.286,26.286,-2.143
South Korea,KOR,20210829,64.29,3,2,2,4,0,0,2,0,2,3,2,3,5,-0.857,23.857,4.714,-7.143,24.857,-2
South Korea,KOR,20210830,64.29,3,2,2,4,0,0,2,0,2,3,2,3,5,0.857,25.286,4.286,-6,32.143,-1.714
South Korea,KOR,20210831,64.29,3,2,2,4,0,0,2,0,2,3,2,3,5,1.143,24.857,4,-5.429,33.143,-1.286
South Korea,KOR,20210901,64.29,3,2,2,4,0,0,2,0,2,3,2,3,5,1.286,25.143,4.143,-5.571,33,-1.143
South Korea,KOR,20210902,64.29,3,2,2,4,0,0,2,0,2,3,2,3,5,1.286,25.143,4.143,-5.571,32.286,-1.143
South Korea,KOR,20210903,64.29,3,2,2,4,0,0,2,0,2,3,2,3,5,2,26,3.714,-4.857,35.714,-1
South Korea,KOR,20210904,64.29,3,2,2,4,0,0,2,0,2,3,2,3,5,2.429,26.286,3.429,-4.286,37.143,-1
South Korea,KOR,20210905,64.29,3,2,2,4,0,0,2,0,2,3,2,3,5,3.143,26.857,3.143,-3.429,38.857,-0.857
South Korea,KOR,20210906,61.9,2,2,2,4,0,0,2,0,2,3,2,3,5,2.714,26.286,3.143,-3.571,34.857,-0.857
South Korea,KOR,20210907,61.9,2,2,2,4,0,0,2,0,2,3,2,3,5,3,27,3.143,-3.571,33.857,-1
South Korea,KOR,20210908,61.9,2,2,2,4,0,0,2,0,2,3,2,3,5,4,27.714,2.714,-2.571,38.143,-0.714
South Korea,KOR,20210909,61.9,2,2,2,4,0,0,2,0,2,3,2,3,5,4.571,28.143,2.429,-2,40.143,-0.429
South Korea,KOR,20210910,61.9,2,2,2,4,0,0,2,0,2,3,2,3,5,5.143,28.571,2.286,-1.714,40.429,-0.143
South Korea,KOR,20210911,61.9,2,2,2,4,0,0,2,0,2,3,2,3,5,5.714,29.143,2.286,-1.286,39.714,0.143
South Korea,KOR,20210912,61.9,2,2,2,4,0,0,2,0,2,3,2,3,5,6.714,28,2.286,-0.714,40.286,0.429
South Korea,KOR,20210913,61.9,2,2,2,4,0,0,2,0,2,3,2,3,5,8,30.286,2,0.143,44.571,0.714
South Korea,KOR,20210914,61.9,2,2,2,4,0,0,2,0,2,3,2,3,5,9.571,32.571,1.571,1.571,50,1
South Korea,KOR,20210915,61.9,2,2,2,4,0,0,2,0,2,3,2,3,5,10.143,34.143,1.429,2,49.571,1
South Korea,KOR,20210916,61.9,2,2,2,4,0,0,2,0,2,3,2,3,5,10.571,35.571,1.429,2.429,48.429,1
South Korea,KOR,20210917,61.9,2,2,2,4,0,0,2,0,2,3,2,3,5,11,37.429,1.714,2.571,46,0.714
South Korea,KOR,20210918,61.9,2,2,2,4,0,0,2,0,2,3,2,3,5,11.143,40.143,1.714,3.143,46,-0.429
South Korea,KOR,20210919,61.9,2,2,2,4,0,0,2,0,2,3,2,3,5,12,49.429,1.286,5,49.143,-1.571
South Korea,KOR,20210920,61.9,2,2,2,4,0,0,2,0,2,3,2,3,5,11.429,55.857,2.857,2.857,64.143,-13
South Korea,KOR,20210921,61.9,2,2,2,4,0,0,2,0,2,3,2,3,5,6.143,50.714,4,-0.143,73.571,-25.286
South Korea,KOR,20210922,61.9,2,2,2,4,0,0,2,0,2,3,2,3,5,4.429,47.286,6.143,-3.429,84.143,-35.857
South Korea,KOR,20210923,61.9,2,2,2,4,0,0,2,0,2,3,2,3,5,4.143,45.286,6.429,-4.286,87,-36.857
South Korea,KOR,20210924,61.9,2,2,2,4,0,0,2,0,2,3,2,3,5,3.714,42.429,6.429,-4.857,90.714,-37
South Korea,KOR,20210925,61.9,2,2,2,4,0,0,2,0,2,3,2,3,5,2.714,37.714,6.714,-6.286,90.857,-35.571
South Korea,KOR,20210926,61.9,2,2,2,4,0,0,2,0,2,3,2,3,5,1,26.286,7.429,-9.143,89.143,-34.143
South Korea,KOR,20210927,61.9,2,2,2,4,0,0,2,0,2,3,2,3,5,1.143,18.286,6,-7.286,74,-22.429
South Korea,KOR,20210928,61.9,2,2,2,4,0,0,2,0,2,3,2,3,5,6.143,21.571,5,-4.571,64.571,-9.857
South Korea,KOR,20210929,61.9,2,2,2,4,0,0,2,0,2,3,2,3,5,6.143,21.429,3.286,-2.714,48.143,0.714
South Korea,KOR,20210930,61.9,2,2,2,4,0,0,2,0,2,3,2,3,5,6.286,21.571,3,-2.143,46.857,2
South Korea,KOR,20211001,61.9,2,2,2,4,0,0,2,0,2,3,2,3,5,6.429,21.857,2.714,-1.571,46.286,2.571
South Korea,KOR,20211002,61.9,2,2,2,4,0,0,2,0,2,3,2,3,5,7.143,22.857,2.429,-0.714,48.286,2.143
South Korea,KOR,20211003,61.9,2,2,2,4,0,0,2,0,2,3,2,3,5,8.571,26.857,2,0.857,52.429,1.429
South Korea,KOR,20211004,61.9,2,2,2,4,0,0,2,0,2,3,2,3,5,9.429,27.286,3.571,-1.286,58.857,-5.857
South Korea,KOR,20211005,61.9,2,2,2,4,0,0,2,0,2,3,2,3,5,9.429,27.714,3.429,-1,59.857,-5.714
South Korea,KOR,20211006,61.9,2,2,2,4,0,0,2,0,2,3,2,3,5,10.286,28.857,3.143,-0.143,64.286,-5.429
South Korea,KOR,20211007,61.9,2,2,2,4,0,0,2,0,2,3,2,3,5,10,28.429,3.286,-0.429,63.143,-5.429
South Korea,KOR,20211008,61.9,2,2,2,4,0,0,2,0,2,3,2,3,5,9.571,27.857,3.286,-0.571,60.143,-5.429
South Korea,KOR,20211009,61.9,2,2,2,4,0,0,2,0,2,3,2,3,5,9.429,27.714,3.286,-0.429,61.143,-7
South Korea,KOR,20211010,61.9,2,2,2,4,0,0,2,0,2,3,2,3,5,8.714,24.286,3.429,-1.143,56.714,-7.286
South Korea,KOR,20211011,61.9,2,2,2,4,0,0,2,0,2,3,2,3,5,9.143,24.857,3.571,-1.143,55,-7.571
South Korea,KOR,20211012,61.9,2,2,2,4,0,0,2,0,2,3,2,3,5,9.143,24.857,3.571,-1.286,53.429,-7.571
South Korea,KOR,20211013,61.9,2,2,2,4,0,0,2,0,2,3,2,3,5,9.857,25.143,3.429,-0.857,56.714,-7.429
South Korea,KOR,20211014,61.9,2,2,2,4,0,0,2,0,2,3,2,3,5,10.429,25.571,3.143,-0.429,59.143,-7.286
South Korea,KOR,20211015,61.9,2,2,2,4,0,0,2,0,2,3,2,3,5,10.714,25.571,3.143,-0.286,60.857,-7.143
South Korea,KOR,20211016,61.9,2,2,2,4,0,0,2,0,2,3,2,3,5,10.714,24.714,3.429,-1.286,53.286,-5.571
South Korea,KOR,20211017,61.9,2,2,2,4,0,0,2,0,2,3,2,3,5,10.857,26.857,3.571,-1.857,49.571,-4.857
South Korea,KOR,20211018,61.9,2,2,2,4,0,0,2,0,2,3,2,3,5,10,25.429,1.714,0.286,43.857,2.571
South Korea,KOR,20211019,61.9,2,2,2,4,0,0,2,0,2,3,2,3,5,10.571,25.286,1.714,0.143,44.143,2.429
South Korea,KOR,20211020,61.9,2,2,2,4,0,0,2,0,2,3,2,3,5,10.714,25.286,1.714,0.143,42.429,2.286
South Korea,KOR,20211021,61.9,2,2,2,4,0,0,2,0,2,3,2,3,5,10.714,24.714,1.857,0,39.857,2.143
South Korea,KOR,20211022,61.9,2,2,2,4,0,0,2,0,2,3,2,3,5,11.286,25.143,1.857,0.143,40.429,2
South Korea,KOR,20211023,61.9,2,2,2,4,0,0,2,0,2,3,2,3,5,12.143,26,1.429,1.429,46.143,2
South Korea,KOR,20211024,61.9,2,2,2,4,0,0,2,0,2,3,2,3,5,12.714,24,1.143,2.571,50.714,1.857
South Korea,KOR,20211025,61.9,2,2,2,4,0,0,2,0,2,3,2,3,5,13.286,24.857,1.143,3,53,1.857
South Korea,KOR,20211026,61.9,2,2,2,4,0,0,2,0,2,3,2,3,5,13.571,25.143,1,3.571,55.857,2
South Korea,KOR,20211027,61.9,2,2,2,4,0,0,2,0,2,3,2,3,5,13.714,25.143,0.857,3.714,57,2.143
South Korea,KOR,20211028,61.9,2,2,2,4,0,0,2,0,2,3,2,3,5,14.143,25.857,0.714,4,59,2.143
South Korea,KOR,20211029,61.9,2,2,2,4,0,0,2,0,2,3,2,3,5,14.286,26.143,0.571,4.143,60.571,2.286
South Korea,KOR,20211030,61.9,2,2,2,4,0,0,2,0,2,3,2,3,5,14,26.429,0.429,4.286,61.286,2.143
South Korea,KOR,20211031,61.9,2,2,2,4,0,0,2,0,2,3,2,3,5,14.143,29.571,0.286,4.571,62.571,2.286
South Korea,KOR,20211101,58.92,1,2,1,4,0,0,2,0,2,3,2,3,5,14,29.143,0.143,4.571,62.714,2.429
South Korea,KOR,20211102,58.92,1,2,1,4,0,0,2,0,2,3,2,3,5,14,29,0.143,4.571,62.714,2.571
South Korea,KOR,20211103,58.91,1,2,1,4,0,0,2,0,2,3,2,3,5,14.286,29,0.143,4.714,63.143,2.714
South Korea,KOR,20211104,58.9,1,2,1,4,0,0,2,0,2,3,2,3,5,14.143,28.429,0.143,4.714,62.571,2.857
South Korea,KOR,20211105,58.89,1,2,1,4,0,0,2,0,2,3,2,3,5,14.286,28.143,0,5,62.857,2.857
South Korea,KOR,20211106,58.89,1,2,1,4,0,0,2,0,2,3,2,3,5,14.857,27.714,-0.143,5.429,64,2.857
South Korea,KOR,20211107,58.89,1,2,1,4,0,0,2,0,2,3,2,3,5,15,26.857,-0.143,5.714,64.143,2.714
South Korea,KOR,20211108,58.88,1,2,1,4,0,0,2,0,2,3,2,3,5,13.143,24.714,0.286,4.286,54.286,2.429
South Korea,KOR,20211109,58.87,1,2,1,4,0,0,2,0,2,3,2,3,5,12.429,23.857,0.571,3.429,47.714,2.286
South Korea,KOR,20211110,58.86,1,2,1,4,0,0,2,0,2,3,2,3,5,12,23.714,0.714,2.857,42,2.143
South Korea,KOR,20211111,58.85,1,2,1,4,0,0,2,0,2,3,2,3,5,12,24.143,0.857,2.429,38.714,1.714
South Korea,KOR,20211112,58.84,1,2,1,4,0,0,2,0,2,3,2,3,5,11.714,23.857,1.143,1.857,34.857,1.286
South Korea,KOR,20211113,58.84,1,2,1,4,0,0,2,0,2,3,2,3,5,11.429,23.857,1.286,1.286,31.714,1
South Korea,KOR,20211114,58.84,1,2,1,4,0,0,2,0,2,3,2,3,5,11.143,21.286,1.286,1,28.571,0.571
South Korea,KOR,20211115,58.83,1,2,1,4,0,0,2,0,2,3,2,3,5,13,23.571,1,2.143,37.143,0.429
South Korea,KOR,20211116,58.83,1,2,1,4,0,0,2,0,2,3,2,3,5,13.857,24.429,0.857,2.714,42.286,0.143
South Korea,KOR,20211117,58.82,1,2,1,4,0,0,2,0,2,3,2,3,5,14.286,25,0.857,3.143,46.143,-0.143
South Korea,KOR,20211118,58.82,1,2,1,4,0,0,2,0,2,3,2,3,5,14.429,24.714,0.857,3.429,48.286,-0.429
South Korea,KOR,20211119,58.81,1,2,1,4,0,0,2,0,2,3,2,3,5,14.571,25.143,0.857,3.857,50.429,-0.429
South Korea,KOR,20211120,58.81,1,2,1,4,0,0,2,0,2,3,2,3,5,14.143,24.857,0.857,3.857,49.429,-0.286
South Korea,KOR,20211121,58.81,1,2,1,4,0,0,2,0,2,3,2,3,5,13.286,26.714,1,3.143,45.714,0
South Korea,KOR,20211122,57.61,0,2,1,4,0,0,2,0,2,3,2,3,5,12.571,25.429,1.143,2.714,40.286,0.429
South Korea,KOR,20211123,57.61,0,2,1,4,0,0,2,0,2,3,2,3,5,11.857,24.429,1.143,2.286,35.429,0.857
South Korea,KOR,20211124,57.61,0,2,1,4,0,0,2,0,2,3,2,3,5,11.286,23.429,1.143,1.857,32.571,1.286
South Korea,KOR,20211125,57.6,0,2,1,4,0,0,2,0,2,3,2,3,5,11,23.429,1,1.857,30.857,2.143
South Korea,KOR,20211126,57.6,0,2,1,4,0,0,2,0,2,3,2,3,5,10.714,23,0.857,1.571,28.286,2.571
South Korea,KOR,20211127,57.59,0,2,1,4,0,0,2,0,2,3,2,3,5,10.714,23,1,1.286,26.857,2.571
South Korea,KOR,20211128,59.37,0,2,1,4,0,0,2,0,3,3,2,3,5,11,20.714,1,1.429,28,2.429
South Korea,KOR,20211129,59.36,0,2,1,4,0,0,2,0,3,3,2,3,5,11.429,21.714,0.857,1.857,32,2.571
South Korea,KOR,20211130,59.36,0,2,1,4,0,0,2,0,3,3,2,3,5,10.143,20.571,1.286,0.857,27.714,2.429
South Korea,KOR,20211201,59.36,0,2,1,4,0,0,2,0,3,3,2,3,5,9.571,20.429,1.429,0.286,24.429,2.286
South Korea,KOR,20211202,59.35,0,2,1,4,0,0,2,0,3,3,2,3,5,9,19.714,1.714,-0.429,22.143,2.143
South Korea,KOR,20211203,59.35,0,2,1,4,0,0,2,0,3,3,2,3,5,8.571,19.429,1.857,-0.857,20.429,2.286
South Korea,KOR,20211204,59.34,0,2,1,4,0,0,2,0,3,3,2,3,5,8,19.143,2.143,-1.714,18.429,2.286
South Korea,KOR,20211205,59.34,0,2,1,4,0,0,2,0,3,3,2,3,5,7.429,21.429,2.429,-2.714,16.857,2.286
South Korea,KOR,20211206,60.23,0,2,1,4,0,0,2,0,3,3,2,3,5,7,20.714,2.571,-3.143,16.143,2.143
South Korea,KOR,20211207,60.23,0,2,1,4,0,0,2,0,3,3,2,3,5,8.143,22.286,2.143,-2,23.286,2.286
South Korea,KOR,20211208,60.22,0,2,1,4,0,0,2,0,3,3,2,3,5,8.286,22.143,2.143,-1.714,27.714,2.286
South Korea,KOR,20211209,60.22,0,2,1,4,0,0,2,0,3,3,2,3,5,8.143,22.286,2.143,-1.714,29.571,2.429
South Korea,KOR,20211210,60.21,0,2,1,4,0,0,2,0,3,3,2,3,5,7.857,22.143,2.286,-2,30.143,2.429
South Korea,KOR,20211211,60.21,0,2,1,4,0,0,2,0,3,3,2,3,5,7.714,22.286,2.286,-2.286,31,2.571
South Korea,KOR,20211212,60.21,0,2,1,4,0,0,2,0,3,3,2,3,5,7.143,19.429,2.429,-3,28.857,2.429
South Korea,KOR,20211213,60.21,0,2,1,4,0,0,2,0,3,3,2,3,5,6.571,19.286,2.571,-3.714,25.714,2.286
South Korea,KOR,20211214,60.2,0,2,1,4,0,0,2,0,3,3,2,3,5,6,18.857,2.857,-4.429,23.429,2.143
South Korea,KOR,20211215,60.2,0,2,1,4,0,0,2,0,3,3,2,3,5,6,19.286,3,-4.714,21.429,2
South Korea,KOR,20211216,60.2,0,2,1,4,0,0,2,0,3,3,2,3,5,5.857,19,3.143,-5,19.429,1.714
South Korea,KOR,20211217,60.19,0,2,1,4,0,0,2,0,3,3,2,3,5,5.429,18.143,3.429,-5.714,15.857,1.286
South Korea,KOR,20211218,60.19,0,2,1,4,0,0,2,0,3,3,2,3,5,3.857,17.143,4.143,-6.857,11.286,0.714
South Korea,KOR,20211219,60.19,0,2,1,4,0,0,2,0,3,3,2,3,5,3,19.286,4.571,-7.571,9.286,0.429
South Korea,KOR,20211220,61.37,1,2,1,4,0,0,2,0,3,3,2,3,5,3,19.857,4.714,-7.286,10.857,0.286
South Korea,KOR,20211221,61.37,1,2,1,4,0,0,2,0,3,3,2,3,5,3.143,20.571,4.714,-7,12.143,0.143
South Korea,KOR,20211222,61.37,1,2,1,4,0,0,2,0,3,3,2,3,5,3,20.714,4.714,-6.857,13.143,0
South Korea,KOR,20211223,61.37,1,2,1,4,0,0,2,0,3,3,2,3,5,3.143,21.714,4.714,-6.571,14.714,-0.143
South Korea,KOR,20211224,61.36,1,2,1,4,0,0,2,0,3,3,2,3,5,4.143,25,4.714,-5.857,17.429,-0.429
South Korea,KOR,20211225,61.36,1,2,1,4,0,0,2,0,3,3,2,3,5,4.143,25,5,-7.143,16.714,-3.429
South Korea,KOR,20211226,61.36,1,2,1,4,0,0,2,0,3,3,2,3,5,3,20.857,5.143,-8.429,13.429,-4.286
South Korea,KOR,20211227,61.36,1,2,1,4,0,0,2,0,3,3,2,3,5,2.571,20.143,5.429,-9.286,9.857,-5
South Korea,KOR,20211228,61.35,1,2,1,4,0,0,2,0,3,3,2,3,5,2.429,19.714,5.571,-9.714,8.286,-5.571
South Korea,KOR,20211229,61.35,1,2,1,4,0,0,2,0,3,3,2,3,5,2.286,19.714,5.857,-10,6.571,-6.286
South Korea,KOR,20211230,61.35,1,2,1,4,0,0,2,0,3,3,2,3,5,2.429,19.571,6.143,-10.571,4.429,-7.286
South Korea,KOR,20211231,61.34,1,2,1,4,0,0,2,0,3,3,2,3,5,2.571,20.857,6.571,-11.143,4.143,-9
South Korea,KOR,20220101,61.34,1,2,1,4,0,0,2,0,3,3,2,3,5,1,20.429,6.714,-11.286,10.143,-11.571
South Korea,KOR,20220102,61.34,1,2,1,4,0,0,2,0,3,3,2,3,5,1.857,24.571,6.286,-9.857,14.857,-11.286
South Korea,KOR,20220103,61.34,1,2,1,4,0,0,2,0,3,3,2,3,5,1.714,24.286,6.143,-9.571,17.286,-11.143
South Korea,KOR,20220104,61.33,1,2,1,4,0,0,2,0,3,3,2,3,5,1.429,24,6.286,-9.714,17.571,-11.143
South Korea,KOR,20220105,61.33,1,2,1,4,0,0,2,0,3,3,2,3,5,0.714,23.286,6.286,-10.143,16.857,-11
South Korea,KOR,20220106,61.32,1,2,1,4,0,0,2,0,3,3,2,3,5,-0.143,22.429,6.286,-10.143,17.857,-10.571
South Korea,KOR,20220107,61.32,1,2,1,4,0,0,2,0,3,3,2,3,5,-1.429,18.571,6,-10.143,18.714,-9.143
South Korea,KOR,20220108,61.31,1,2,1,4,0,0,2,0,3,3,2,3,5,1,19.714,5.286,-8.143,16.571,-3.286
South Korea,KOR,20220109,61.31,1,2,1,4,0,0,2,0,3,3,2,3,5,1.429,17.429,5.429,-8.143,17.286,-2.714
South Korea,KOR,20220110,61.3,1,2,1,4,0,0,2,0,3,3,2,3,5,1.714,18.143,5.429,-7.714,17.714,-2.857
South Korea,KOR,20220111,61.3,1,2,1,4,0,0,2,0,3,3,2,3,5,1.286,17.571,5.429,-8,15.143,-3.286
South Korea,KOR,20220112,61.29,1,2,1,4,0,0,2,0,3,3,2,3,5,1.143,17,5.571,-8.286,13.857,-3.714
South Korea,KOR,20220113,61.29,1,2,1,4,0,0,2,0,3,3,2,3,5,0.571,16.286,5.714,-8.857,10.857,-4.143
South Korea,KOR,20220114,61.28,1,2,1,4,0,0,2,0,3,3,2,3,5,0.429,16.286,5.857,-9.143,9.571,-4.429
South Korea,KOR,20220115,61.28,1,2,1,4,0,0,2,0,3,3,2,3,5,0.286,16.286,5.714,-9.143,9.571,-4.429
South Korea,KOR,20220116,61.28,1,2,1,4,0,0,2,0,3,3,2,3,5,0.286,18.714,5.571,-9.143,9,-4.286
South Korea,KOR,20220117,61.27,1,2,1,4,0,0,2,0,3,3,2,3,5,0,18,5.571,-9.571,7.143,-4.429
South Korea,KOR,20220118,61.27,1,2,1,4,0,0,2,0,3,3,2,3,5,0.429,18.714,5.571,-9.429,8.857,-4.429
South Korea,KOR,20220119,61.27,1,2,1,4,0,0,2,0,3,3,2,3,5,0.429,19.143,5.571,-9.286,9,-4.429
South Korea,KOR,20220120,61.26,1,2,1,4,0,0,2,0,3,3,2,3,5,1.429,20.286,5.429,-8.714,11.143,-4.286
South Korea,KOR,20220121,61.26,1,2,1,4,0,0,2,0,3,3,2,3,5,2,20.714,5.286,-8.286,12.286,-4
South Korea,KOR,20220122,61.26,1,2,1,4,0,0,2,0,3,3,2,3,5,2.571,21.286,5.286,-8,12.857,-3.571
South Korea,KOR,20220123,61.26,1,2,1,4,0,0,2,0,3,3,2,3,5,3.286,19.429,5.286,-7.714,14.714,-3.286
South Korea,KOR,20220124,61.26,1,2,1,4,0,0,2,0,3,3,2,3,5,4.143,21,5.286,-7.429,17,-3
South Korea,KOR,20220125,61.25,1,2,1,4,0,0,2,0,3,3,2,3,5,4.429,22,5.143,-7.143,17.143,-2.857
South Korea,KOR,20220126,61.25,1,2,1,4,0,0,2,0,3,3,2,3,5,5.571,23.857,4.857,-6.429,20,-2.571
South Korea,KOR,20220127,61.25,1,2,1,4,0,0,2,0,3,3,2,3,5,6,25.571,4.714,-6.143,20.857,-2.571
South Korea,KOR,20220128,61.25,1,2,1,4,0,0,2,0,3,3,2,3,5,6.429,28.286,4.857,-6.143,20.286,-3
South Korea,KOR,20220129,61.25,1,2,1,4,0,0,2,0,3,3,2,3,5,5.857,30.714,5.143,-6.714,18.571,-4.571
South Korea,KOR,20220130,61.25,1,2,1,4,0,0,2,0,3,3,2,3,5,6,39.571,4.857,-5.714,18.857,-5.571
South Korea,KOR,20220131,61.25,1,2,1,4,0,0,2,0,3,3,2,3,5,4,44.429,6.571,-8.857,25.714,-16.571
South Korea,KOR,20220201,61.25,1,2,1,4,0,0,2,0,3,3,2,3,5,-2.286,38.571,7.857,-12.429,29.286,-28.429
South Korea,KOR,20220202,61.25,1,2,1,4,0,0,2,0,3,3,2,3,5,-5.571,34.714,10.286,-16.714,31.857,-38.714
South Korea,KOR,20220203,61.24,1,2,1,4,0,0,2,0,3,3,2,3,5,-7,31.714,10.857,-18.143,31.286,-39.857
South Korea,KOR,20220204,59.46,1,2,1,4,0,0,2,0,2,3,2,3,5,-8.571,27.429,11.143,-19.571,30,-40
South Korea,KOR,20220205,59.46,1,2,1,4,0,0,2,0,2,3,2,3,5,-9.714,22.571,11.429,-21.143,27.857,-38.714
South Korea,KOR,20220206,59.46,1,2,1,4,0,0,2,0,2,3,2,3,5,-11.857,13.857,12.286,-24.143,24.143,-37.857
South Korea,KOR,20220207,58.27,0,2,1,4,0,0,2,0,2,3,2,3,5,-11,7.143,10.714,-21.714,15.857,-27
South Korea,KOR,20220208,58.26,0,2,1,4,0,0,2,0,2,3,2,3,5,-5.143,11.571,9.571,-18.714,13.714,-15.143
South Korea,KOR,20220209,58.26,0,2,1,4,0,0,2,0,2,3,2,3,5,-2.714,13.571,7.429,-15.286,11.429,-4.857
South Korea,KOR,20220210,58.26,0,2,1,4,0,0,2,0,2,3,2,3,5,-2.143,14.429,7.143,-14.571,13,-3.714
South Korea,KOR,20220211,58.26,0,2,1,4,0,0,2,0,2,3,2,3,5,-1.429,15.429,6.857,-13.714,15.714,-3.286
South Korea,KOR,20220212,58.26,0,2,1,4,0,0,2,0,2,3,2,3,5,-0.143,17.429,6.429,-12.143,20.571,-3
South Korea,KOR,20220213,58.26,0,2,1,4,0,0,2,0,2,3,2,3,5,1,17,6,-10.714,24.143,-3
South Korea,KOR,20220214,58.26,0,2,1,4,0,0,2,0,2,3,2,3,5,1.429,18.429,6,-10.571,25.143,-3.143
South Korea,KOR,20220215,58.26,0,2,1,4,0,0,2,0,2,3,2,3,5,0.857,18,6.143,-11,23,-3.429
South Korea,KOR,20220216,58.26,0,2,1,4,0,0,2,0,2,3,2,3,5,-0.143,16.857,6.429,-11.857,18.714,-3.714
South Korea,KOR,20220217,58.26,0,2,1,4,0,0,2,0,2,3,2,3,5,-1,15.857,6.571,-12.571,15.571,-3.857
South Korea,KOR,20220218,58.26,0,2,1,4,0,0,2,0,2,3,2,3,5,-1.429,15.714,6.714,-12.857,15,-4
South Korea,KOR,20220219,58.26,0,2,1,4,0,0,2,0,2,3,2,3,5,-2,14.714,6.857,-13.429,12.286,-4.143
South Korea,KOR,20220220,58.26,0,2,1,4,0,0,2,0,2,3,2,3,5,-2.571,15.857,7,-14.429,8.429,-4.143
South Korea,KOR,20220221,58.26,0,2,1,4,0,0,2,0,2,3,2,3,5,-3.143,14.286,7,-15,7.143,-4.429
South Korea,KOR,20220222,58.25,0,2,1,4,0,0,2,0,2,3,2,3,5,-3,14.429,7,-15.143,7.286,-4.429
South Korea,KOR,20220223,58.25,0,2,1,4,0,0,2,0,2,3,2,3,5,-2.857,14.571,6.857,-15.143,8.143,-4.571
South Korea,KOR,20220224,58.25,0,2,1,4,0,0,2,0,2,3,2,3,5,-2.857,14.857,6.714,-15.143,9,-4.714
South Korea,KOR,20220225,58.25,0,2,1,4,0,0,2,0,2,3,2,3,5,-3.143,14.571,6.571,-15.429,8.286,-4.714
South Korea,KOR,20220226,58.25,0,2,1,4,0,0,2,0,2,3,2,3,5,-3.286,14.714,6.429,-15.571,8.286,-4.714
South Korea,KOR,20220227,58.25,0,2,1,4,0,0,2,0,2,3,2,3,5,-2.143,13.571,6.143,-14.429,13.571,-4.714
South Korea,KOR,20220228,58.25,0,2,1,4,0,0,2,0,2,3,2,3,5,-0.429,16,6.143,-13.857,18.571,-5.714
South Korea,KOR,20220301,57.74,0,2,1,4,0,0,2,0,2,3,2,3,5,0.143,18,8.143,-16.286,22.857,-13.286
South Korea,KOR,20220302,57.74,0,2,1,4,0,0,2,0,2,3,2,3,5,0.143,19.143,7.714,-15.714,24.714,-12.857
South Korea,KOR,20220303,57.74,0,2,1,4,0,0,2,0,2,3,2,3,5,0,19.714,7.429,-15.286,26,-12.429
South Korea,KOR,20220304,57.74,0,2,1,4,0,0,2,0,2,3,2,3,5,-0.857,19.143,7.143,-15.571,24.286,-12
South Korea,KOR,20220305,57.74,0,2,1,4,0,0,2,0,2,3,2,3,5,-0.857,19.143,7.143,-16.286,23.143,-11.714
South Korea,KOR,20220306,57.74,0,2,1,4,0,0,2,0,2,3,2,3,5,-2.143,20.429,7.429,-18,19.429,-11.429
South Korea,KOR,20220307,57.74,0,2,1,4,0,0,2,0,2,3,2,3,5,-4.857,17.571,7.286,-18.857,14.571,-10
South Korea,KOR,20220308,57.74,0,2,1,4,0,0,2,0,2,3,2,3,5,-6.143,15.714,4.857,-16.429,11.714,-2.286
South Korea,KOR,20220309,57.74,0,2,1,4,0,0,2,0,2,3,2,3,5,-5.714,16.286,7,-19.429,18.143,-9.714
South Korea,KOR,20220310,57.74,0,2,1,4,0,0,2,0,2,3,2,3,5,-7.143,14.571,7.143,-20.571,16,-9.714
South Korea,KOR,20220311,57.74,0,2,1,4,0,0,2,0,2,3,2,3,5,-7.857,14.143,7.286,-21.286,16.286,-9.714
South Korea,KOR,20220312,57.74,0,2,1,4,0,0,2,0,2,3,2,3,5,-8.714,13.429,7.286,-21.571,18,-9.857
South Korea,KOR,20220313,57.74,0,2,1,4,0,0,2,0,2,3,2,3,5,-10.571,9.429,7.714,-23,12.286,-10.571
South Korea,KOR,20220314,57.74,0,2,1,4,0,0,2,0,2,3,2,3,5,-12.143,8.571,7.857,-24.143,7.571,-10.571
South Korea,KOR,20220315,57.74,0,2,1,4,0,0,2,0,2,3,2,3,5,-13.143,7.857,8,-25,6.286,-10.429
South Korea,KOR,20220316,57.74,0,2,1,4,0,0,2,0,2,3,2,3,5,-15,6,6,-23.286,-0.714,-3
South Korea,KOR,20220317,57.74,0,2,1,4,0,0,2,0,2,3,2,3,5,-15.429,5.571,6.143,-23.857,-3.429,-3
South Korea,KOR,20220318,57.74,0,2,1,4,0,0,2,0,2,3,2,3,5,-15.857,5.143,6.429,-24.429,-6.857,-3
South Korea,KOR,20220319,57.74,0,2,1,4,0,0,2,0,2,3,2,3,5,-16.857,4.143,7,-25.714,-12.429,-3.571
South Korea,KOR,20220320,57.74,0,2,1,4,0,0,2,0,2,3,2,3,5,-15.429,7.714,6.571,-24.571,-7.571,-2.857
South Korea,KOR,20220321,57.74,0,2,1,4,0,0,2,0,2,3,2,3,5,-14.714,8,6.429,-24,-4.143,-2.571
South Korea,KOR,20220322,57.74,0,2,1,4,0,0,2,0,2,3,2,3,5,-14.714,7.571,6.429,-24,-4.429,-2.143
South Korea,KOR,20220323,57.74,0,2,1,4,0,0,2,0,2,3,2,3,5,-14.857,6.857,6.429,-24.143,-6.571,-1.714
South Korea,KOR,20220324,57.74,0,2,1,4,0,0,2,0,2,3,2,3,5,-14.286,7.429,6.143,-23.571,-3.714,-1.286
South Korea,KOR,20220325,57.74,0,2,1,4,0,0,2,0,2,3,2,3,5,-13.714,7.857,5.714,-22.857,-1.286,-0.857
South Korea,KOR,20220326,57.74,0,2,1,4,0,0,2,0,2,3,2,3,5,-12.714,8.714,5.429,-22,1.571,-0.571
South Korea,KOR,20220327,57.74,0,2,1,4,0,0,2,0,2,3,2,3,5,-11.571,7,5.143,-20.857,5.143,-0.571
South Korea,KOR,20220328,57.74,0,2,1,4,0,0,2,0,2,3,2,3,5,-11,7.714,5,-20.571,6.857,-0.286
South Korea,KOR,20220329,57.74,0,2,1,4,0,0,2,0,2,3,2,3,5,-10.429,8.143,4.857,-20.143,8.857,0
South Korea,KOR,20220330,57.74,0,2,1,4,0,0,2,0,2,3,2,3,5,-10,8.571,4.714,-19.857,9.857,0.286
South Korea,KOR,20220331,57.74,0,2,1,4,0,0,2,0,2,3,2,3,5,-9.429,8.714,4.571,-19.714,9.714,0.714
South Korea,KOR,20220401,56.2,0,2,1,4,0,0,2,0,1,3,2,3,5,-8.571,9.143,4.286,-19.286,12.429,0.857
South Korea,KOR,20220402,56.2,0,2,1,4,0,0,2,0,1,3,2,3,5,-7.286,9.857,3.429,-17.571,18.571,1
South Korea,KOR,20220403,56.2,0,2,1,4,0,0,2,0,1,3,2,3,5,-6.571,12.857,3,-16.714,21.286,1.143
South Korea,KOR,20220404,56.2,0,2,1,4,0,0,2,0,1,3,2,3,5,-6,12.714,2.714,-16.286,23.143,1.571
South Korea,KOR,20220405,56.2,0,2,1,4,0,0,2,0,1,3,2,3,5,-5.571,12.714,2.429,-16,23.857,1.857
South Korea,KOR,20220406,56.2,0,2,1,4,0,0,2,0,1,3,2,3,5,-4.571,13.286,2.143,-15.286,27.714,2.143
South Korea,KOR,20220407,56.2,0,2,1,4,0,0,2,0,1,3,2,3,5,-3.857,13.714,1.857,-14.714,30.429,2.429
South Korea,KOR,20220408,56.2,0,2,1,4,0,0,2,0,1,3,2,3,5,-3.143,14.286,1.571,-14,32.714,2.857
South Korea,KOR,20220409,56.2,0,2,1,4,0,0,2,0,1,3,2,3,5,-2.429,15,1.429,-13.143,35,3.143
South Korea,KOR,20220410,56.2,0,2,1,4,0,0,2,0,1,3,2,3,5,-1.429,13.286,1.286,-12.143,37.571,3.143
South Korea,KOR,20220411,56.2,0,2,1,4,0,0,2,0,1,3,2,3,5,-0.714,14.143,1,-11.429,39.143,3.429
South Korea,KOR,20220412,56.2,0,2,1,4,0,0,2,0,1,3,2,3,5,-0.143,14.714,0.857,-10.857,39.429,3.857
South Korea,KOR,20220413,56.2,0,2,1,4,0,0,2,0,1,3,2,3,5,-0.714,13.714,1,-11.286,33.571,4
South Korea,KOR,20220414,56.2,0,2,1,4,0,0,2,0,1,3,2,3,5,-0.857,13.857,1,-11.429,30.857,4.286
South Korea,KOR,20220415,56.2,0,2,1,4,0,0,2,0,1,3,2,3,5,-0.714,13.857,1,-11.429,29.571,4.571
South Korea,KOR,20220416,56.2,0,2,1,4,0,0,2,0,1,3,2,3,5,-0.571,13.714,0.857,-11.571,28.286,4.714
South Korea,KOR,20220417,56.2,0,2,1,4,0,0,2,0,1,3,2,3,5,-0.714,15.714,0.714,-11.857,26.286,5.143
South Korea,KOR,20220418,40.73,0,0,0,0,0,0,2,0,1,3,2,3,5,-0.857,15.286,0.714,-12,25,5.429
South Korea,KOR,20220419,40.73,0,0,0,0,0,0,2,0,1,3,2,3,5,-0.571,15.143,0.571,-11.857,25.286,5.571
South Korea,KOR,20220420,40.73,0,0,0,0,0,0,2,0,1,3,2,3,5,0.714,16.714,0.143,-10.714,31.143,6
South Korea,KOR,20220421,40.73,0,0,0,0,0,0,2,0,1,3,2,3,5,1.286,16.857,0,-10,33.286,6.143
South Korea,KOR,20220422,40.73,0,0,0,0,0,0,2,0,1,3,2,3,5,1.429,16.857,-0.143,-9.714,32.429,6.286
South Korea,KOR,20220423,40.73,0,0,0,0,0,0,2,0,1,3,2,3,5,1.714,17.143,-0.143,-9.429,32.429,6.429
South Korea,KOR,20220424,40.73,0,0,0,0,0,0,2,0,1,3,2,3,5,2,15.143,-0.143,-9.143,31.857,6.286
South Korea,KOR,20220425,40.73,0,0,0,0,0,0,2,0,1,3,2,3,5,2.286,15.714,-0.143,-8.857,31,6.429
South Korea,KOR,20220426,40.73,0,0,0,0,0,0,2,0,1,3,2,3,5,2.286,15.857,0.143,-9.143,28,6.571
South Korea,KOR,20220427,40.73,0,0,0,0,0,0,2,0,1,3,2,3,5,2.857,16.143,0,-8.857,27.714,6.714
South Korea,KOR,20220428,40.73,0,0,0,0,0,0,2,0,1,3,2,3,5,3.571,16.714,-0.143,-8.429,28.714,7
South Korea,KOR,20220429,40.73,0,0,0,0,0,0,2,0,1,3,2,3,5,4,16.714,0,-8.286,27.286,7
South Korea,KOR,20220430,38.68,0,0,0,0,0,0,2,0,1,3,2,3,5,4.143,16.714,-0.143,-8,26.143,6.857
South Korea,KOR,20220501,38.68,0,0,0,0,0,0,2,0,1,3,2,3,5,4.429,19.286,-0.286,-7.429,25.571,6.714
South Korea,KOR,20220502,38.68,0,0,0,0,0,0,2,0,1,3,2,3,5,5,19.143,-0.429,-7.143,25.714,6.857
South Korea,KOR,20220503,38.68,0,0,0,0,0,0,2,0,1,3,2,3,5,5.857,19.857,-0.857,-6.286,28.714,7.143
South Korea,KOR,20220504,38.68,0,0,0,0,0,0,2,0,1,3,2,3,5,7.286,21.571,-1.429,-4.857,30.857,7.143
South Korea,KOR,20220505,38.68,0,0,0,0,0,0,2,0,1,3,2,3,5,11.143,25.143,0,-5.429,47.286,-2.571
South Korea,KOR,20220506,38.68,0,0,0,0,0,0,2,0,1,3,2,3,5,12.714,27,0.143,-5,56,-5.571
South Korea,KOR,20220507,38.68,0,0,0,0,0,0,2,0,1,3,2,3,5,13.286,27.571,-0.143,-4.429,57.571,-6.429
South Korea,KOR,20220508,38.68,0,0,0,0,0,0,2,0,1,3,2,3,5,13.714,25.143,-0.429,-3.857,56.571,-7
South Korea,KOR,20220509,38.68,0,0,0,0,0,0,2,0,1,3,2,3,5,13.714,25.286,-0.571,-3.714,57.429,-7
South Korea,KOR,20220510,38.68,0,0,0,0,0,0,2,0,1,3,2,3,5,13.571,25,-0.571,-3.714,57.429,-7
South Korea,KOR,20220511,38.68,0,0,0,0,0,0,2,0,1,3,2,3,5,12.143,23.143,-0.143,-5,55.714,-6.857
South Korea,KOR,20220512,38.68,0,0,0,0,0,0,2,0,1,3,2,3,5,8.571,19.857,-1.714,-4.143,40,3
South Korea,KOR,20220513,38.68,0,0,0,0,0,0,2,0,1,3,2,3,5,7.286,18.286,-2.143,-4,34,6.143
South Korea,KOR,20220514,38.68,0,0,0,0,0,0,2,0,1,3,2,3,5,7.143,17.857,-2,-4.143,33.714,7.143
South Korea,KOR,20220515,38.68,0,0,0,0,0,0,2,0,1,3,2,3,5,7.143,20.429,-1.714,-4.571,35.857,8
South Korea,KOR,20220516,38.68,0,0,0,0,0,0,2,0,1,3,2,3,5,7.286,20.571,-1.714,-4.429,36.571,8.143
South Korea,KOR,20220517,38.68,0,0,0,0,0,0,2,0,1,3,2,3,5,7.286,20.714,-1.714,-4.286,37.429,8.143
South Korea,KOR,20220518,38.68,0,0,0,0,0,0,2,0,1,3,2,3,5,7.429,21,-1.714,-4.143,37.429,8.143
South Korea,KOR,20220519,38.68,0,0,0,0,0,0,2,0,1,3,2,3,5,7.571,20.857,-1.714,-4,38,8.143
South Korea,KOR,20220520,38.68,0,0,0,0,0,0,2,0,1,3,2,3,5,8,21.286,-1.857,-3.714,39.571,8.143
South Korea,KOR,20220521,38.68,0,0,0,0,0,0,2,0,1,3,2,3,5,8.286,21.286,-1.857,-3.571,40.714,8.143
South Korea,KOR,20220522,38.68,0,0,0,0,0,0,2,0,1,3,2,3,5,8.571,18.714,-1.857,-3.429,41,7.857
South Korea,KOR,20220523,38.68,0,0,0,0,0,0,2,0,1,3,2,3,5,8.571,19,-1.857,-3.429,41.143,7.857
South Korea,KOR,20220524,38.68,0,0,0,0,0,0,2,0,1,3,2,3,5,8.714,19.143,-1.857,-3.286,41.143,8
South Korea,KOR,20220525,38.68,0,0,0,0,0,0,2,0,1,3,2,3,5,8.857,19,-1.857,-3.143,40.857,8.143
South Korea,KOR,20220526,38.68,0,0,0,0,0,0,2,0,1,3,2,3,5,9,19.286,-2,-3.143,40.714,8.143
South Korea,KOR,20220527,38.68,0,0,0,0,0,0,2,0,1,3,2,3,5,9,19.429,-2,-3.286,40.571,8.286
South Korea,KOR,20220528,38.68,0,0,0,0,0,0,2,0,1,3,2,3,5,9.143,19.571,-2,-3.286,40.429,8.286
South Korea,KOR,20220529,38.68,0,0,0,0,0,0,2,0,1,3,2,3,5,8.714,22,-2,-3.714,39.143,8.571
South Korea,KOR,20220530,38.68,0,0,0,0,0,0,2,0,1,3,2,3,5,8.571,21.286,-1.857,-3.857,38,8.571
South Korea,KOR,20220531,38.68,0,0,0,0,0,0,2,0,1,3,2,3,5,9.857,22.143,-2.286,-3.286,39.286,8.571
South Korea,KOR,20220601,38.68,0,0,0,0,0,0,2,0,1,3,2,3,5,12.429,25,-0.286,-5.286,48.429,-0.286
South Korea,KOR,20220602,38.68,0,0,0,0,0,0,2,0,1,3,2,3,5,11.857,24.714,-0.143,-5.571,47.857,-0.429
South Korea,KOR,20220603,38.68,0,0,0,0,0,0,2,0,1,3,2,3,5,11.571,24.714,-0.143,-5.571,47.571,-0.571
South Korea,KOR,20220604,38.68,0,0,0,0,0,0,2,0,1,3,2,3,5,11.143,24.714,-0.286,-5.286,48.429,-1
South Korea,KOR,20220605,38.68,0,0,0,0,0,0,2,0,1,3,2,3,5,11.143,24.429,-0.429,-5.286,47.571,-2.143
South Korea,KOR,20220606,38.68,0,0,0,0,0,0,2,0,1,3,2,3,5,12.857,25.714,1.571,-7.429,54.857,-12.143
South Korea,KOR,20220607,38.68,0,0,0,0,0,0,2,0,1,3,2,3,5,11,24.429,2,-8.286,51.429,-12.143
South Korea,KOR,20220608,38.43,0,0,0,0,0,0,2,0,1,3,2,3,5,8.286,21.429,0,-6.571,42.571,-3.286
South Korea,KOR,20220609,38.43,0,0,0,0,0,0,2,0,1,3,2,3,5,8.429,21.286,0,-6.571,42.143,-3.143
South Korea,KOR,20220610,38.43,0,0,0,0,0,0,2,0,1,3,2,3,5,8.286,20.571,0.143,-6.857,41,-2.857
South Korea,KOR,20220611,38.43,0,0,0,0,0,0,2,0,1,3,2,3,5,8.286,20.286,0.429,-7.714,39,-2.286
South Korea,KOR,20220612,38.43,0,0,0,0,0,0,2,0,1,3,2,3,5,8.143,17.857,0.714,-8,40,-1.143
South Korea,KOR,20220613,38.43,0,0,0,0,0,0,2,0,1,3,2,3,5,6.571,17.143,-1.286,-5.857,32.714,8.857
South Korea,KOR,20220614,38.43,0,0,0,0,0,0,2,0,1,3,2,3,5,6.571,16.571,-1.143,-6.286,30.857,8.714
South Korea,KOR,20220615,38.43,0,0,0,0,0,0,2,0,1,3,2,3,5,6.143,16.429,-0.857,-6.571,27.857,8.571
South Korea,KOR,20220616,38.43,0,0,0,0,0,0,2,0,1,3,2,3,5,6.429,16.571,-0.857,-6.429,28.571,8.571
South Korea,KOR,20220617,38.43,0,0,0,0,0,0,2,0,1,3,2,3,5,6.714,17,-1,-6.286,29.571,8.429
South Korea,KOR,20220618,38.43,0,0,0,0,0,0,2,0,1,3,2,3,5,6.714,16.857,-1.143,-6.143,29.429,8.143
South Korea,KOR,20220619,38.43,0,0,0,0,0,0,2,0,1,3,2,3,5,6.571,19.286,-1.286,-6.143,28.429,8.143
South Korea,KOR,20220620,38.1,0,0,0,0,0,0,2,0,1,3,2,3,5,6.714,19.143,-1.429,-6.143,29,8
South Korea,KOR,20220621,38.1,0,0,0,0,0,0,2,0,1,3,2,3,5,7.286,19.857,-1.571,-5.714,31.857,7.857
South Korea,KOR,20220622,38.1,0,0,0,0,0,0,2,0,1,3,2,3,5,7.857,20.143,-1.857,-5.286,34.429,7.714
South Korea,KOR,20220623,38.1,0,0,0,0,0,0,2,0,1,3,2,3,5,6.286,18.429,-1.571,-6.286,29.143,7.429
South Korea,KOR,20220624,38.1,0,0,0,0,0,0,2,0,1,3,2,3,5,6.286,18.429,-1.429,-6.714,26.857,7.286
South Korea,KOR,20220625,38.1,0,0,0,0,0,0,2,0,1,3,2,3,5,6.286,18.429,-1.286,-6.857,25.571,7.429
South Korea,KOR,20220626,38.1,0,0,0,0,0,0,2,0,1,3,2,3,5,6.143,15.429,-1.143,-7.286,23.714,7.143
South Korea,KOR,20220627,38.1,0,0,0,0,0,0,2,0,1,3,2,3,5,5.286,14.429,-0.857,-8,19,6.857
South Korea,KOR,20220628,38.1,0,0,0,0,0,0,2,0,1,3,2,3,5,4.857,13.857,-0.571,-8.714,15.857,6.714
South Korea,KOR,20220629,38.1,0,0,0,0,0,0,2,0,1,3,2,3,5,4,12.857,-0.143,-9.714,10.571,6.571
South Korea,KOR,20220630,38.1,0,0,0,0,0,0,2,0,1,3,2,3,5,4.429,13.143,0,-9.857,10.286,6.429
South Korea,KOR,20220701,38.1,0,0,0,0,0,0,2,0,1,3,2,3,5,4.714,13.286,0,-9.714,10.714,6.429
South Korea,KOR,20220702,38.1,0,0,0,0,0,0,2,0,1,3,2,3,5,4.714,13.286,0,-10,9.857,6.143
South Korea,KOR,20220703,38.1,0,0,0,0,0,0,2,0,1,3,2,3,5,4.714,16.143,0,-10.286,8.857,6.286
